INSERT INTO Institucion (ruc, descripcion, fundador, fundacionFecha, bannerUrl, nombre)
VALUES ('12345678901', 'Institucion A', 'Fundador A', '1990-01-01', 'http://institucionA.com', 'Institucion A'),
       ('12345678902', 'Institucion B', 'Fundador B', '1985-02-15', 'http://institucionB.com', 'Institucion B');
INSERT INTO Persona (dni, nombres, primerApellido, segundoApellido, nacimientoFecha, sexo, email)
VALUES ('00000001', 'Nombre1', 'Apellido1', 'Apellido2', '2000-01-01', 'M', 'nombre1@example.com'),  -- Colaborador 1
       ('00000002', 'Nombre2', 'Apellido1', 'Apellido2', '1995-05-05', 'F', 'nombre2@example.com'),  -- Colaborador 2
       ('00000003', 'Nombre3', 'Apellido1', 'Apellido2', '1988-08-08', 'M', 'nombre3@example.com'),  -- Colaborador 3
       ('00000004', 'Nombre4', 'Apellido1', 'Apellido2', '1992-12-12', 'F', 'nombre4@example.com'),  -- Colaborador 4
       ('00000005', 'Nombre5', 'Apellido1', 'Apellido2', '1999-09-09', 'M', 'nombre5@example.com'),  -- Colaborador 5
       ('00000006', 'Nombre6', 'Apellido1', 'Apellido2', '1985-03-03', 'F', 'nombre6@example.com'),  -- Colaborador 6
       ('00000007', 'Nombre7', 'Apellido1', 'Apellido2', '1978-07-07', 'M',
        'nombre7@example.com'),                                                                      -- Colaborador 7, Tutor 1
       ('00000008', 'Nombre8', 'Apellido1', 'Apellido2', '1982-02-02', 'F',
        'nombre8@example.com'),                                                                      -- Colaborador 8, Tutor 2
       ('00000009', 'Nombre9', 'Apellido1', 'Apellido2', '1991-11-11', 'M',
        'nombre9@example.com'),                                                                      -- Colaborador 9, Tutor 3
       ('00000010', 'Nombre10', 'Apellido1', 'Apellido2', '1993-04-04', 'F', 'nombre10@example.com'),-- Colaborador 10, Tutor 4
       ('00000011', 'Nombre11', 'Apellido1', 'Apellido2', '2005-01-01', 'M', 'nombre11@example.com'),-- Alumno 1
       ('00000012', 'Nombre12', 'Apellido1', 'Apellido2', '2005-01-02', 'F', 'nombre12@example.com'),-- Alumno 2
       ('00000013', 'Nombre13', 'Apellido1', 'Apellido2', '2005-01-03', 'M', 'nombre13@example.com'),-- Alumno 3
       ('00000014', 'Nombre14', 'Apellido1', 'Apellido2', '2005-01-04', 'F', 'nombre14@example.com'),-- Alumno 4
       ('00000015', 'Nombre15', 'Apellido1', 'Apellido2', '2005-01-05', 'M', 'nombre15@example.com'),-- Alumno 5
       ('00000016', 'Nombre16', 'Apellido1', 'Apellido2', '2005-01-06', 'F', 'nombre16@example.com'),-- Alumno 6
       ('00000017', 'Nombre17', 'Apellido1', 'Apellido2', '2005-01-07', 'M', 'nombre17@example.com'),-- Alumno 7
       ('00000018', 'Nombre18', 'Apellido1', 'Apellido2', '2005-01-08', 'F', 'nombre18@example.com'),-- Alumno 8
       ('00000019', 'Nombre19', 'Apellido1', 'Apellido2', '2005-01-09', 'M', 'nombre19@example.com'),-- Alumno 9
       ('00000020', 'Nombre20', 'Apellido1', 'Apellido2', '2005-01-10', 'F', 'nombre20@example.com'),-- Alumno 10
       ('00000021', 'Nombre21', 'Apellido1', 'Apellido2', '1980-01-01', 'M', 'nombre21@example.com'),-- Tutor 5
       ('00000022', 'Nombre22', 'Apellido1', 'Apellido2', '1981-02-02', 'F', 'nombre22@example.com'),-- Tutor 6
       ('00000023', 'Nombre23', 'Apellido1', 'Apellido2', '1982-03-03', 'M', 'nombre23@example.com'),-- Tutor 7
       ('00000024', 'Nombre24', 'Apellido1', 'Apellido2', '1983-04-04', 'F', 'nombre24@example.com'),-- Tutor 8
       ('00000025', 'Nombre25', 'Apellido1', 'Apellido2', '1984-05-05', 'M', 'nombre25@example.com'),-- Tutor 9
       ('00000026', 'Nombre26', 'Apellido1', 'Apellido2', '1985-06-06', 'F', 'nombre26@example.com'),-- Tutor 10
       ('00000027', 'Nombre27', 'Apellido1', 'Apellido2', '1986-07-07', 'M', 'nombre27@example.com'),-- Tutor 11
       ('00000028', 'Nombre28', 'Apellido1', 'Apellido2', '1987-08-08', 'F', 'nombre28@example.com'),-- Tutor 12
       ('00000029', 'Nombre29', 'Apellido1', 'Apellido2', '1988-09-09', 'M', 'nombre29@example.com'),-- Tutor 13
       ('00000030', 'Nombre30', 'Apellido1', 'Apellido2', '1989-10-10', 'F', 'nombre30@example.com'),-- Tutor 14
       ('00000031', 'Nombre31', 'Apellido1', 'Apellido2', '1970-01-01', 'M', 'nombre31@example.com'),-- Apoderado 1
       ('00000032', 'Nombre32', 'Apellido1', 'Apellido2', '1971-02-02', 'F', 'nombre32@example.com'),-- Apoderado 2
       ('00000033', 'Nombre33', 'Apellido1', 'Apellido2', '1972-03-03', 'M', 'nombre33@example.com'),-- Apoderado 3
       ('00000034', 'Nombre34', 'Apellido1', 'Apellido2', '1973-04-04', 'F', 'nombre34@example.com'),-- Apoderado 4
       ('00000035', 'Nombre35', 'Apellido1', 'Apellido2', '1974-05-05', 'M', 'nombre35@example.com'),-- Apoderado 5
       ('00000036', 'Nombre36', 'Apellido1', 'Apellido2', '1975-06-06', 'F', 'nombre36@example.com'),-- Apoderado 6
       ('00000037', 'Nombre37', 'Apellido1', 'Apellido2', '1976-07-07', 'M', 'nombre37@example.com'),-- Apoderado 7
       ('00000038', 'Nombre38', 'Apellido1', 'Apellido2', '1977-08-08', 'F', 'nombre38@example.com'),-- Apoderado 8
       ('00000039', 'Nombre39', 'Apellido1', 'Apellido2', '1978-09-09', 'M', 'nombre39@example.com'),-- Apoderado 9
       ('00000040', 'Nombre40', 'Apellido1', 'Apellido2', '1979-10-10', 'F', 'nombre40@example.com');-- Apoderado 10
INSERT INTO Colaborador (dni, sueldoHora, cci, numeroCelular, horasSemanalesTrabajo, estaActivo)
VALUES ('00000001', 20, '12345678901234567890', '+1234567890', 40, TRUE),
       ('00000002', 25, '22345678901234567890', '+2234567890', 35, TRUE),
       ('00000003', 30, '32345678901234567890', '+3234567890', 30, TRUE),
       ('00000004', 15, '42345678901234567890', '+4234567890', 25, TRUE),
       ('00000005', 20, '52345678901234567890', '+5234567890', 40, TRUE),
       ('00000006', 22, '62345678901234567890', '+6234567890', 20, TRUE),
       ('00000007', 28, '72345678901234567890', '+7234567890', 38, TRUE),
       ('00000008', 18, '82345678901234567890', '+8234567890', 40, TRUE),
       ('00000009', 24, '92345678901234567890', '+9234567890', 32, TRUE),
       ('00000010', 26, '10345678901234567890', '+1034567890', 35, TRUE),
       ('00000021', 20, '13345678901234567890', '+1234567890', 40, TRUE),
       ('00000022', 25, '23345678901234567890', '+2234567890', 35, TRUE),
       ('00000023', 30, '33345678901234567890', '+3234567890', 30, TRUE),
       ('00000024', 15, '43345678901234567890', '+4234567890', 25, TRUE),
       ('00000025', 20, '53345678901234567890', '+5234567890', 40, TRUE),
       ('00000026', 22, '63345678901234567890', '+6234567890', 20, TRUE),
       ('00000027', 28, '73345678901234567890', '+7234567890', 38, TRUE),
       ('00000028', 18, '83345678901234567890', '+8234567890', 40, TRUE),
       ('00000029', 24, '93345678901234567890', '+9234567890', 32, TRUE),
       ('00000030', 26, '14345678901234567890', '+1034567890', 35, TRUE);
INSERT INTO Sede (id, coordenadaLongitud, coordenadaLatitud, direccion, construccionFecha, institucionRuc)
VALUES (1, -77.042793, -12.046374, 'Direccion 1', '2014-01-01', '12345678901'),
       (2, -77.032793, -12.036374, 'Direccion 2', '2004-05-05', '12345678902');
INSERT INTO Director (dni, sedeId)
VALUES ('00000001', 1),
       ('00000002', 2);
INSERT INTO Consejero (dni, sedeId)
VALUES ('00000003', 1),
       ('00000004', 2);
INSERT INTO Secretario (dni, sedeId)
VALUES ('00000005', 1),
       ('00000006', 2);
INSERT INTO Profesor (dni)
VALUES ('00000007'),
       ('00000008'),
       ('00000009'),
       ('00000010');
INSERT INTO Grado (id, nombre)
VALUES (1, 'Grado 1'),
       (2, 'Grado 2'),
       (3, 'Grado 3'),
       (4, 'Grado 4'),
       (5, 'Grado 5'),
       (6, 'Grado 6');
INSERT INTO Curso (id, nombre)
VALUES (1, 'Curso 1'),
       (2, 'Curso 2'),
       (3, 'Curso 3'),
       (4, 'Curso 4'),
       (5, 'Curso 5'),
       (6, 'Curso 6');
INSERT INTO Salon (aforo, nombreSeccion, gradoId, sedeId)
VALUES (30, 'Seccion 1', 1, 1),
       (35, 'Seccion 2', 2, 1),
       (40, 'Seccion 3', 3, 1),
       (45, 'Seccion 4', 4, 1),
       (50, 'Seccion 5', 5, 1),
       (30, 'Seccion 6', 6, 1),
       (35, 'Seccion 7', 1, 2),
       (40, 'Seccion 8', 2, 2),
       (45, 'Seccion 9', 3, 2),
       (50, 'Seccion 10', 4, 2);
INSERT INTO Tutor (dni, salonNombreSeccion, sedeId)
VALUES ('00000027', 'Seccion 1', 1),
       ('00000028', 'Seccion 2', 1),
       ('00000029', 'Seccion 3', 1),
       ('00000030', 'Seccion 4', 1),
       ('00000021', 'Seccion 5', 1),
       ('00000022', 'Seccion 6', 1),
       ('00000023', 'Seccion 7', 2),
       ('00000024', 'Seccion 8', 2),
       ('00000025', 'Seccion 9', 2),
       ('00000026', 'Seccion 10', 2);
INSERT INTO Apoderado (dni, numeroCelular)
VALUES ('00000031', '+1234567890'),
       ('00000032', '+2234567890'),
       ('00000033', '+3234567890'),
       ('00000034', '+4234567890'),
       ('00000035', '+5234567890'),
       ('00000036', '+6234567890'),
       ('00000037', '+7234567890'),
       ('00000038', '+8234567890'),
       ('00000039', '+9234567890'),
       ('00000040', '+1034567890');
INSERT INTO Alumno (dni, nombreSeccion, sedeId, apoderadoDni)
VALUES ('00000011', 'Seccion 1', 1, '00000031'),
       ('00000012', 'Seccion 2', 1, '00000032'),
       ('00000013', 'Seccion 3', 1, '00000033'),
       ('00000014', 'Seccion 4', 1, '00000034'),
       ('00000015', 'Seccion 5', 1, '00000035'),
       ('00000016', 'Seccion 6', 1, '00000036'),
       ('00000017', 'Seccion 7', 2, '00000037'),
       ('00000018', 'Seccion 8', 2, '00000038'),
       ('00000019', 'Seccion 9', 2, '00000039'),
       ('00000020', 'Seccion 10', 2, '00000040');
INSERT INTO ProfesorSede (profesorDni, sedeId)
VALUES ('00000007', 1),
       ('00000008', 1),
       ('00000009', 2),
       ('00000010', 2),
       ('00000007',2);

INSERT INTO ProfesorCursoGrado (cursoId, gradoId, profesorDni, periodoAcademico)
VALUES (1, 1, '00000007', '2023-01-01'),
       (2, 2, '00000008', '2023-01-01'),
       (3, 3, '00000009', '2023-01-01'),
       (4, 4, '00000010', '2023-01-01'),
       (5, 5, '00000007', '2023-01-01'),
       (6, 6, '00000008', '2023-01-01');
INSERT INTO Matricula (year, alumnoDni, sedeId, gradoId, secretarioDni)
VALUES (2023, '00000011', 1, 1, '00000005'),
       (2023, '00000012', 1, 2, '00000005'),
       (2023, '00000013', 1, 3, '00000005'),
       (2023, '00000014', 1, 4, '00000005'),
       (2023, '00000015', 1, 5, '00000005'),
       (2023, '00000016', 1, 6, '00000005'),
       (2023, '00000017', 2, 1, '00000006'),
       (2023, '00000018', 2, 2, '00000006'),
       (2023, '00000019', 2, 3, '00000006'),
       (2023, '00000020', 2, 4, '00000006');
