dni,numero_celular
34400157,267332525
89085769,430096849
66728537,224070239
81481933,395270904
21991910,518716455
94674699,334757358
57111329,970222055
87718663,234163872
77589880,524447030
77044395,416974986
77110563,966191656
71970634,479319052
48868115,851805139
20730818,320981007
63343332,678319254
94208525,344215615
44347582,895788430
58075951,830381547
91574830,841824723
50026747,882178949
19871696,287222637
27746950,371455872
72008820,644848572
41594293,497371130
24410373,437701216
30369505,445309343
19812473,229324146
17049319,371424843
68850872,263043273
61623002,557612058
56866121,561514546
70642753,883061706
31206490,368146290
92544920,536786151
59209704,719905900
14549401,952937248
18280123,466750608
42735187,897400406
54280660,976231188
51592823,271480777
86354621,322204344
60600919,396250072
60275633,631489010
31188938,968598390
28062774,884956515
38036413,851465135
49954099,825291361
26698909,353585903
30478964,998425949
47330270,758911312
76181062,438851201
45844587,772988176
80062560,268707785
80464353,319728838
22724289,945822835
31178330,486761025
63195737,967514393
31468702,326291674
62247653,921572544
29905215,816021912
99320420,547703300
71978840,427260062
28160486,315476989
76877474,249806301
46326644,455602135
63425593,315894128
56432851,788245309
14962894,423571571
63854179,299144887
37603647,472419764
65211322,242544306
57411488,225297310
35052776,769750037
53891654,735260239
74861091,381648177
76251382,836687353
96733890,348643279
88966213,939503828
68184308,650056854
14518939,772169046
24921513,681497963
19582828,556950942
62931199,859419149
55525504,234049470
34222432,287131407
46560484,363457380
16949837,631204408
93540151,468801867
81922794,468035492
35977773,718503828
43929788,844990831
21706721,358545814
84612338,342441261
31509587,240306579
17720163,814080551
73049749,227292150
64348288,811215751
56754012,679358639
49870406,619421165
80604541,487701218
89247724,682561322
21827995,696916220
47360585,525422763
64285760,731427637
76819198,379078045
75301941,788151826
78737761,380209072
13393326,725683528
64746538,639815761
34060048,767772807
67945431,910525513
56409932,244916235
70754458,245222461
38782513,684451013
39505830,966937669
55224903,826836274
69774349,975768339
24156673,564051138
50413030,238132463
72719636,780906348
29175722,232532527
28178869,813273271
22219608,910865732
68518781,721495578
30666361,978168581
45375329,629984247
47812560,553629470
23530970,757999348
45548234,813872533
73143476,420738415
64330068,826621145
33530638,256441949
23214365,749507387
71422512,745501961
38825904,644779986
68681617,497493269
51555398,993881671
60974076,443217381
84014456,792050361
84061763,536782281
19642995,778383599
23863693,887733187
76371293,934334939
45514660,454657288
74644137,830982898
27240652,990355198
91623465,572042229
32675457,592858008
85286608,586329778
85019188,992643490
55240143,360699147
20865908,962416283
33608865,464140120
67203133,442159411
53961554,450743830
80588618,628668916
47915512,945528079
30456141,323529158
33766176,423425920
52403513,955281910
87864620,284265307
40834879,935427307
56914592,862421706
40291997,613580453
42927377,741995490
95251465,420028207
32783997,292261986
69449447,366430956
64650730,412263664
40868333,242452492
51257490,649149088
92282409,825921841
34502786,518498021
68277510,592237487
96825513,867828482
52868992,375055293
82667962,269703862
80374727,455910139
76257392,646598027
61422948,898177633
89935001,319746969
79526630,650895949
37149748,692434140
25751388,679649567
65762727,332983095
53443341,416040418
12193018,724535576
19823992,498303109
34817045,284154649
23264425,498930763
73331345,376429437
13369434,593786376
40653510,552532254
43569925,366389110
66247491,344371737
36460088,665386244
75678523,269515864
99839826,435435453
12295916,979119563
92119287,566664413
97528381,881066797
79594899,615248876
18090307,646640658
38743886,989793969
23793792,836223966
68939566,458999914
64881190,841585755
12666909,824333848
37544660,627392467
21303296,269377417
97732116,571513789
62091708,719942928
62776941,882344464
11709726,847659277
62547820,249102007
63619250,745334672
88087879,929483355
16683146,467854267
64310514,383806833
47449184,494873569
64301500,251218124
10283148,584490334
21975852,515827685
36558431,893984269
76771294,779893510
69691523,956578909
53341843,246488579
63397604,922677761
13677474,646398217
22496522,752546435
87775012,744566180
11086852,395614799
23668619,914343486
15775671,962769361
82279146,661620971
98895572,830148305
82887908,732637486
39687146,866526474
35350576,356177557
63727418,512892818
99380343,329311031
28911409,377604168
93954043,247745546
23087484,285400244
17696483,846173848
17488720,487221539
57400980,619970168
61705025,448295416
15166643,870219994
18354926,548516301
60273353,577959843
82397532,514151183
73881059,996732956
47742267,232131466
75364555,571227188
92536108,878614963
80059721,528764872
75726443,231045746
43042716,960731382
90655261,350866471
43874727,758588413
13280101,789805376
74033027,560594880
28812987,929389338
33002836,448113449
78432107,213914402
57643758,514961756
18747437,243536799
17401966,754376050
89896536,324274513
35675227,530003704
60403323,311902216
79009824,478487618
67377314,379520649
20565842,481426855
43683051,814217964
47995947,354879505
83641377,588166705
89380843,252613356
70181286,871929801
60270033,689555472
36684705,732446270
44600346,923347316
88971875,790843856
35195589,896416131
95581826,432028757
28404781,742209468
48897169,210474349
23601218,210564374
42639394,982119331
52534393,475543495
53614500,717304651
86677298,843743200
29824190,251376123
31023199,979503778
73614849,628775488
62488075,859347760
65059986,711942731
50940977,852751728
99502900,692235804
25963457,885041383
15442883,477955647
34752301,425669484
89635622,516128733
67803759,315567536
37021679,663211032
62538317,895883925
55332071,894796003
34306622,230811986
55809689,833602273
11587104,365847743
23081546,267746021
99696715,586667894
77538101,528705611
40958189,552890774
41571387,527192468
59385545,560538351
81748164,250512921
60808807,640865909
97185620,260261321
72586691,375882333
91628171,436190317
15381720,651579283
64764984,977042172
39313602,317164238
60719272,395006596
48364820,289297283
40091306,993837837
13121594,468496774
29080853,360881104
50877150,270663558
96810374,989906472
30220695,979908086
34088583,961026242
91364245,725296937
24393900,478808920
43798338,546890893
25063279,793358849
48546660,650166121
69863825,935722919
24158902,214218926
79371999,727952460
90246632,688440218
54341733,489756359
16476809,458431771
45230919,346500136
82001060,321540069
70858555,729938427
70082842,966605111
55353651,999190053
90662337,865114909
82908515,961168381
35952534,377230379
36147407,223335337
65826087,374829352
83406812,315465945
81086300,280865696
38466033,843089477
65231802,376591494
15996399,380682473
64947228,597239355
97739425,749824119
87641600,695130241
74038625,925442376
62228335,991426640
71274532,531137645
42083888,749969983
97044798,556944497
44245484,736176401
73977468,243047645
88157337,255391768
11481431,441145226
31976289,519634511
67825485,743004765
25434997,890372580
29425331,316909796
43061958,652711165
47446233,869929453
20506516,214918817
22528773,237163144
50204090,480055712
25286924,546704931
86515082,726304333
12464736,738040094
49559117,485238571
86701167,230467680
31010254,979533899
64626250,290377388
30887440,337176480
25084682,844222994
94814420,363559931
50912345,613959491
67408992,249313918
96732476,264950718
40348621,578585396
80538154,231584441
62477092,839188427
83765963,974669457
42965230,435193626
51077721,772114830
59307644,754792764
41869600,626068132
18058525,719060878
92953707,342331064
98365284,387740204
97293655,829191059
61163643,274451004
70766084,352215642
98310873,247727089
79721812,435975114
49787492,828396104
71982084,248156120
65404084,777373604
99432561,211008375
80776015,692216719
18554866,234602463
53236324,233682807
60842349,968597808
63849206,217078014
16238443,746695536
57532272,562260733
88603693,634503931
62354418,790523319
13975852,220458842
99619466,529343266
67835713,467157666
30293230,278887650
11199141,350398899
88641205,858255612
54044343,519076753
12454245,262281006
58292808,623122491
81099808,345246943
60262516,447104202
86727622,825360994
23898413,644385236
90914418,653104402
70789363,886332201
92623273,670782175
63799375,545827661
94247643,777722958
78197227,648043221
67250251,516742660
76730353,996256427
92120277,827542788
36277116,964247826
47040687,738167490
37417854,514156640
30357287,384339894
25979104,481526179
80631540,393768485
80982646,281469378
44629660,959846989
26124072,999206893
85202338,528119249
58068116,258613396
29894915,959888921
35628655,888785891
42469807,249543693
85567670,666423352
13418241,379365181
36347691,529888159
78612028,427261656
64017384,331660401
94397191,674704868
77029451,639434025
16095124,375754747
54855301,774644980
19493336,459220792
84270848,944614503
86562200,948508299
58029758,440075953
70092039,841162212
67524568,464004535
94165911,823110078
22398045,615463645
60249413,860190832
34335645,828533868
29294760,490360105
22914169,772265661
99550067,856300892
33784384,316121387
82668291,283448325
22460200,672278110
61999761,342087644
63420146,835299728
38539471,981102946
79585615,662894090
33090742,286267655
36597149,523973832
22432525,750010382
75094307,556073502
48379873,994393444
73848936,737609495
86924370,985549451
82168487,428697655
68160419,365488462
37487662,759231708
51862664,427681196
24947720,896255754
51114040,437517379
91154119,629499548
89236180,438572549
29280125,836746609
33571875,295864764
13143528,460789435
17970438,933822580
57801515,885196856
57963764,212781798
92517428,640041220
82482715,415488551
46738627,590308606
13792033,298574098
33567666,635480729
12457075,312274843
10773515,620031212
86129193,946107719
43042861,797691031
22844880,836652603
37994075,896752281
43530754,813778268
16702121,819329852
87441328,928059797
40255515,435712507
17328849,263437930
37428156,655946254
96863539,430625542
20083336,234303004
29286761,855973028
28817035,341261385
94014528,686800622
82959457,436643609
38483889,539500022
39459306,877853416
80152594,943864897
53778972,824898306
12908895,773972421
22451754,972567147
81500107,599427048
92641368,268314494
65183984,344031229
87403290,364733462
18203413,513137568
33035681,324390147
65797050,627833820
55709449,485914228
62876481,416105030
79125226,328264241
83389908,884878435
11555082,947374659
88821159,438953453
91650005,639748086
86165996,938337669
10972010,266093129
34069503,881792765
12866573,836072726
95991429,330858397
75174834,910489767
68667269,557109268
64889207,913555231
27926605,226978514
23261041,411524466
75418267,430295767
67401980,598646803
42952071,595539087
71426691,591016889
65200953,959239954
27291725,769216160
36693014,970110986
87892934,787435658
67350697,227485917
54773716,255480835
41959592,484531640
87699794,489245077
63659850,486045877
64273399,890474215
73054375,373781352
80171254,948789711
14092757,836027331
93293339,718207051
43770238,392299953
77813476,328110366
42640593,666340623
14257446,424455205
74567519,622572280
57167469,987586081
82962461,441904184
83185839,860054303
42334686,565474750
29724924,240061456
49050871,838270923
26749889,467179517
52676846,736514597
57212207,943542902
69670249,759158274
75801460,262500110
97962750,240561168
91772114,751257534
98706114,353724338
60289035,477538319
27732577,944344404
75274019,685281791
28173914,346398917
47880638,695979094
77915267,751564723
54101208,543393368
33921629,286776003
87110903,339257114
72054585,553119932
72394885,491923227
40509389,424132580
37135181,540146534
59482141,435517282
82661339,724125030
88505504,882775936
80904542,511434750
74693522,255339943
75553730,753364739
55473648,452200829
45434612,253878017
37469027,294357813
24379369,485221085
79291845,372922108
54742941,871997629
81797978,664380581
72866204,563110412
76561594,385137720
69694149,499701247
35409707,221572025
86616896,649489196
26283553,592754521
63104852,494960316
96141722,730960164
36197773,361981171
80509427,312868040
90292702,874733333
13859070,291940911
43969115,642494168
93941214,644560018
74598681,534917569
56866464,841878469
23898237,873104436
91759519,966394881
15104291,444565552
62591330,397684066
56360904,417567769
33466217,472615490
46749966,615432714
85444261,521525644
17615671,812552392
51672428,547293123
17240612,497568461
49325455,912186812
55496645,978871597
89683693,864703071
96747658,498265289
75080266,667802166
27726621,376299328
63998346,876406096
28802414,369691698
59341966,564500508
61732148,623546283
68583539,540734634
29243218,592198454
56326892,673429157
52713933,556598769
89084452,436451063
64788810,279344593
45526994,534796679
20515368,398523387
39583072,660523850
17151186,621212896
34073729,671045598
76968640,770344611
52803380,310449893
95474596,333591938
82200178,287677294
60392946,255766380
56016292,237367270
60261680,547724086
60212736,571278413
58035604,675405054
36487397,799950208
93950259,589770375
20199673,246034996
62003386,557885771
43536517,549052935
21079702,287710500
53183217,498585291
52336983,369685050
83869048,958061241
27369640,944735768
53157472,634090599
95603467,269658334
26521398,399747884
49048855,785761041
95961089,582454470
86683420,295343686
82717290,969602471
33218793,639645265
83113058,764522861
11537486,745633248
32514609,763167431
31997371,447541597
92325539,572287369
13843202,854768224
16395725,752044940
79106208,927859867
79476591,664400387
36330962,222080842
75429029,429980204
47652442,872837111
16216563,284378181
96700475,436859775
76607562,631138056
24688048,870357462
22207392,971550302
59504993,639899477
10060575,832516377
98036215,658063893
56206745,844918400
48651367,295767588
61401294,288210353
55510689,322608266
32537588,314758676
56920240,383105158
43094398,840636934
74390547,387084124
15829957,969175925
15127964,858320839
41900372,984015401
52265708,335225487
22256597,840516185
54808376,790668823
33693664,449268527
60594611,918552583
24484038,455935802
62094516,350075674
37290392,582280717
83372502,834757615
90459145,626792144
91376415,481117281
52792416,970267124
50858553,990486110
41923437,713709411
27189992,348460432
42737345,649124647
94030651,846092178
55721501,467753876
22999588,658009839
68190172,799363924
12568078,680376867
32811707,331036584
51180046,526241401
85645345,259882700
19262973,290022709
44653253,454883765
72296703,290867970
69676502,966666212
21202147,641875881
10808584,496912736
55065512,750771703
44546971,310857854
48594387,545840964
96389991,650048164
14155825,799741388
60476382,247445281
58052646,392818874
19072026,432037041
90438262,978306080
43899762,623412066
69416327,910824807
54421185,690544383
81854718,812998730
37938830,662657249
47003459,558703783
20832986,622264806
46751732,361147637
14127902,342550123
60666174,440508257
17881551,752401173
41387721,771989796
69324776,750316016
59020808,730071184
75374783,763132191
46206253,846909460
10884074,230927491
44612877,691774776
17785744,588710280
39243823,648208374
85900036,890862651
49764840,864968694
47409250,769773255
82684121,695208884
88140080,745133179
90368583,675116070
91668218,310581104
59264287,528028597
20975996,380611834
60229653,446985857
78790966,356927053
65792658,769706434
40683991,798028433
27019763,931219825
25518991,663427656
12624713,543239788
55587189,999180512
48474410,657485187
54870525,678913791
33535274,571631491
74397374,893878750
51834016,433578575
13935344,467379741
81970347,952516994
42829658,854100562
70736279,561553309
83606694,436990583
79305734,798416842
89107620,741461516
85254737,717601616
49828098,682557656
41390123,373057728
51321535,629173428
66602155,318389842
10400087,770186031
69014383,573633617
89759081,694836351
79012333,395096676
35765563,251137025
23890013,472013200
27492444,556235533
69243712,727054474
34946829,952008884
61866316,995660600
63267939,551460439
81710118,656356065
50325417,841308797
52156664,586738972
88012420,256677372
45016019,218008362
96985914,632291938
67792554,380454127
18967432,425815695
42328333,268786659
24824805,415856008
14418108,815917263
66319644,510524614
30456691,691928900
28132015,824924193
93094674,669657762
13656291,279507259
69355776,297174210
59617333,614268913
97298368,881158162
29558249,919938047
68633509,870697132
88095775,562947381
52397525,457256634
40581650,745702386
16747961,988852575
78267734,222569549
25067076,430868789
92387022,239571793
25360246,762155503
35864624,223582064
25538594,950394294
53910975,879174008
91961428,492520431
22041100,746541199
39212935,313648346
49844300,853960196
66211071,459116291
80157835,968500723
17220904,533205769
44105394,654155414
67596421,336249472
28407623,881944321
31337014,780091887
36292135,464719773
36372823,491710832
93097159,890151031
83774750,346817706
56915295,492236800
84084772,686624520
95659701,355819898
48469281,921066939
10875435,457434489
12777273,683752479
13256787,542197867
41903914,669600517
95223117,980166742
60675020,955795392
89646805,247189374
54416678,233175238
27271146,778446824
87695721,969266930
62922300,384879442
18063226,856383137
60132910,960291199
56670244,288225499
16571234,930100999
34931494,576652296
28597001,939745047
13886400,597786910
14192749,793457135
94558692,844526595
18864563,239093250
90199952,680361971
18611600,968960229
55021664,939528202
94144285,541780868
26204029,520676067
96538771,225852519
82181472,672790337
92035168,240928784
99699973,781302246
56305993,525713218
78708564,746683170
46699603,646703104
17042883,227122558
92528773,469062676
97317068,475390313
68170229,785516540
83099921,844098710
85128958,269880739
68201919,786523314
94470916,792516945
75056509,867954893
44705206,866086159
10782309,566405219
44693690,983385565
44555048,677513830
55803181,259207231
81859571,789645521
23660463,532955660
52846882,848664261
20831112,564498108
15700277,597200977
69239037,389108456
65263017,461793632
29383740,449397587
96449744,956205584
81808259,944458745
45281465,725471132
71166509,740627677
57630079,214736171
44259505,211690496
57163398,986144590
24102231,864396352
24431753,994956899
27230414,237683286
41318339,569125941
82047539,999462749
99996752,762328812
51528588,846191477
88508432,985354034
38312762,652508276
34835545,769641182
38049097,628835130
55290432,480895004
72945276,760050301
80146444,589842776
40794835,512721475
85633631,741145224
64340265,343321671
45881582,292630449
24589044,988107005
28427686,794299373
82833241,940609960
82162592,496726805
23460523,844167415
30437223,440575169
77188826,687313708
80239694,512131720
37974667,216079181
50224245,597799681
85121334,467110379
49214135,244748003
32280228,579794713
82400453,481502945
65715883,528804099
69972330,513825961
55666155,655082019
65540495,915233704
49572449,691044417
87135874,327504921
30322341,925253717
66952756,229483662
81208082,963927899
14579577,928016687
39522827,234140216
53121396,349339526
57982449,886398012
90308530,399356098
61212737,940484877
69473586,976896103
88206750,291104268
17702195,439642317
67610123,955835309
63066209,263968195
40811063,925355719
88950878,398206560
40535334,454043532
41813247,423848831
98381457,674068957
88284813,661369183
68368534,359951352
45016654,919147083
91599260,999572827
25841161,331345744
24434705,279161523
81151515,767377907
48230832,628628981
61299060,742111088
88774493,631275994
99524373,289858321
78353338,727029259
61722564,534803600
16333168,242999655
55963098,782241313
39579868,613378896
93211445,813278399
28655698,929330306
70260568,929318857
70469676,783551162
41664159,859841179
69009525,443763624
33009390,831205843
70293758,879469595
41037782,483422359
91789534,214996249
58526433,576768076
19117545,774937704
30930105,617512518
47614191,768219644
77337767,285112944
42140782,459453265
27476749,346063746
17948634,469641309
36055203,924367735
84230948,213511759
61583181,695442608
71644341,242931404
87253076,740856515
19948737,965178012
30498875,728175197
36645661,791457531
59240480,664535033
54604807,462936785
47667617,335211575
43384391,313047209
29582321,224282337
29234429,299515679
11198745,958971666
98356754,865073410
24313438,984377058
73785696,983374311
86853072,691178897
10416513,471138849
38652890,556019401
37482149,384641464
63959316,621037696
83373135,283950728
66092942,752328809
70563859,546977971
51351100,956400326
50245933,265351542
76923386,960418009
89982316,995609889
28606369,785038202
17496627,786964690
72433467,242776593
80819493,713255323
11753079,222675050
53845637,778894641
72813648,388402437
45215574,974935826
49481858,732544866
69879528,754987286
65616493,323526246
71459039,496801229
67830199,850024912
72791789,474987102
30106191,491930210
19507520,869664949
73409062,492815310
22360759,727783187
90024596,986686527
38612348,291080325
82119695,867854674
65897207,781680969
80755346,422219935
77780809,296514684
10626500,546961991
91496769,922165236
48009268,633476191
94543546,537696019
82812288,362966302
46461894,359449995
46921822,945826671
45875537,835894043
76216811,660397980
20670318,692914885
25320147,357899079
15073397,357575077
81780350,774476360
30999379,638884540
89886492,613682095
16937903,513652640
60601976,967992835
88378337,571341576
62339471,355555378
76605700,385956413
38657263,859234075
43645727,698485543
36110918,442434177
85191977,244759927
67837052,264739437
18539325,382444213
39591528,355953112
90816216,575524504
15444017,228831516
26030550,279317508
98945094,833544333
77311529,845324983
40776325,831645302
46810908,917363240
71285924,357779147
74073352,748531974
21129314,841777185
81725920,878051188
57156542,476854274
19726819,632225679
77305793,566891387
80785578,562639142
73529691,323869398
33175427,757922093
56434067,848036193
27497196,484625033
32453479,676371883
96863924,277774431
56290307,633829837
63188374,952420412
98756873,225768542
25568834,250249107
33598200,679353702
69737063,314308070
69195538,512501586
42771283,322825865
27409146,961737171
77350130,821367749
64685050,498023154
59183766,551147429
74565955,253206942
26635911,489592972
68439927,299041742
21635283,513269726
72996128,621847764
68785116,940020574
93905074,313684000
72696704,919585267
44382296,623359535
57843620,734596944
10798457,951044100
60447915,353731564
75032167,435672779
19696882,721546311
14129714,620926133
91487370,885778459
81158503,614332104
73564828,910195481
11997571,938255937
69708077,474971943
69423551,389759805
64101382,359833430
83160943,485594654
79177437,697047004
38467316,981837287
17014467,557127477
68303107,864955331
48317535,549517726
30485067,778348245
54061170,768908582
64179391,840121250
17347422,569454836
71207529,526394183
68694827,332191928
89312368,849013085
59849353,977666384
30895156,863632279
33041765,870618586
72500637,934110579
85979604,698400554
59166117,350718938
63226744,520137611
97324748,450029458
87379735,392436411
15155644,765700729
20691927,279062130
64410583,279842342
76742608,924922792
82864660,632305984
23212717,648117708
68556437,680600373
72887524,240733333
80489611,458196334
55659122,942453623
73342461,826695982
34701690,846983011
87841303,915943620
80621243,332653273
17128360,694448104
78747921,962874647
87229554,977582370
65930298,954883130
33833390,683965204
27117868,250015410
20367106,237953110
79405200,732936516
18912499,481914691
25470521,774627273
10389487,713035706
15000782,333883080
42609672,284730045
56863617,589592105
26854179,348929674
56304052,267387227
74003266,923915542
28054877,585091670
44662220,499044903
80666483,776241994
40344305,360660875
96947450,229947766
80600318,792584179
53871636,373288627
95062161,415808914
86289874,962217105
68830529,618281927
75177070,717887857
95430871,699556424
33166312,434357480
51038987,851250983
22329167,711306309
11939134,379787137
24058574,546628848
62269869,924939161
94222660,593986168
56154135,962081166
39894967,288135914
61205649,611952897
94320920,317404381
62640921,250324363
18764727,571498490
31359028,725523664
37890000,842881023
39716367,923252573
11429311,221089026
69556814,362544250
27797876,618869804
23653768,676792164
19371385,414535561
19550739,810384891
11113369,521501766
94724166,614985211
57716319,624669363
38278702,397568245
99693043,914052923
84244914,621111207
14414402,839881442
78949224,716884221
92791806,524265685
79042666,971858271
74672190,418065045
28842689,555396321
87393071,252054032
52721498,444434112
33919812,543514283
24976281,256998602
65678934,785863105
13144218,441766332
57243971,653089745
34216412,261189854
31799994,676154538
22999193,717233006
53019213,477033177
85337268,848320986
57360660,688618014
31827067,987272653
18005329,367218944
74141945,758330191
58807403,493802052
38188259,721601534
80121925,855912801
68780129,362362591
21061025,684628418
16600662,580288187
21213508,690324865
49566383,425863714
15140498,765063861
16127095,511906734
10241425,710880919
90681472,257407583
61056478,383270488
87398895,884153960
41119320,556805515
63860808,650414440
44919646,752723248
61971204,780787264
37642920,395761140
30483159,589546357
78923899,867327108
27942771,610828074
45758769,965298373
15523956,887945835
30966400,392127638
70724457,744798690
58707590,293074888
71054051,650282972
75008906,854186921
61639737,281263485
53957931,753355595
78927995,397649261
53321359,431122261
53980256,629046911
43866894,715872423
91950525,696160813
75348072,680808621
51398330,360585970
68160980,971490207
23832530,247351259
64920091,785839471
56300441,830180393
61642930,865725261
20600810,221805213
65995279,881305291
13598727,646649051
94294437,837015253
22068400,829853179
57432461,498645294
92001390,642657113
45740725,897343200
72813824,347118182
62369017,977855895
35459225,651400171
39554410,797983293
55590261,451699667
53467600,729256290
82142993,590912421
48294113,565367471
53314428,460797705
41555304,875436153
57471261,464632022
61162406,612999778
43920203,229439975
16929718,469883126
52277176,833358040
43261315,984365545
87205252,962887573
70671673,727089813
91055944,366273069
25939673,254834594
37958900,846935851
96610560,266679040
20529295,489790593
20664028,556329700
32593415,723988014
54060651,556301141
25670044,416863970
17077788,768875650
25522252,927602477
96109043,725914887
70604656,838350378
38815963,219455453
97754634,966854053
42313567,955317073
12182578,559368565
29827202,232968788
93285371,841606433
84370430,828116178
77626257,416934093
26324553,251877160
20412893,752082046
16862800,875230933
77605159,834146201
10401891,577172001
35298482,932417633
81552207,916187791
27838268,425058078
57987198,841278163
27814786,690871249
85814761,740278171
72794794,267666879
81117659,469580019
98575565,830626199
94979962,755479894
80261123,675076355
55400275,569936463
89180526,910589260
84026264,558009813
78875839,325089209
21272904,468497856
94879992,564217561
64217305,941531341
94070746,822347368
59951562,826178194
94736317,233672672
40003486,536373502
43521089,460041296
14140929,998536666
43366221,647884799
68312511,949413436
79099340,853000037
66209813,752969776
37739028,412407927
69564705,588004504
27343695,861662099
83181298,830183676
59567095,210088659
71685574,741256314
69855693,735698347
89871137,952361859
39849588,551135704
80042209,953631757
86350984,757498379
37667735,451103692
89699565,497895562
42619569,843583026
61994951,715608761
96335960,541531950
79538261,887887726
56295413,654506207
88664607,831773551
81685401,328710392
96545285,493928324
21294358,877432313
21198437,354269044
62016419,435498274
72602860,345459836
88536221,759568709
57118659,847796490
64589732,936491135
47814668,587937918
84862712,656802719
29395955,984025034
96326335,484797726
45355345,782975435
62635362,652605713
40560820,955746226
70837061,834972443
84961252,662720843
97257512,985241871
58571246,643814646
65493194,420509329
60830285,272439391
84735842,343850438
35272433,725452862
80904615,658240919
96976792,565885301
85309435,688322704
98762489,893805877
11024811,526651621
87882692,894780223
15810798,577365300
19109965,942258508
81563112,320931355
21039326,860028696
40002118,812355264
92009033,473076712
60603803,588892109
15576689,743707577
22277571,912209228
51885264,924991645
96153576,246755200
66464950,620948447
60407336,234126503
44375799,592772198
16834657,555758560
89151371,773488293
43688176,680260291
38384358,722372883
37686273,894878315
11596959,943704400
85420082,220435350
23544442,475856163
50131834,496842181
72998809,294212971
72225465,510275645
75647065,764636450
48129539,775467167
28204395,429138579
84634881,672606826
46027490,649156166
87937154,517980630
29983780,350094110
76490335,773865856
82436020,264651174
55520024,585880418
61926787,599707106
20587999,935613706
65653486,897895314
38409765,589913062
31021571,340245365
43236344,457429638
67045843,225339408
76334988,959712140
90023351,935462243
56776259,930961864
73703718,645536736
84176581,529442882
24349553,650324332
12266221,776977001
19309888,453156323
72438515,332178470
35310943,481136574
99458953,528950632
23136858,832864674
73507465,594869104
26337453,232292674
71952488,952179782
76026126,335369020
93705499,852043563
68618405,937036485
70877970,865101336
86391472,375359607
59362306,332622811
84949355,355100930
39332198,962220692
20311410,938702799
61767191,316440858
86024007,446933915
50188497,927378533
81464867,364095445
83981324,652686062
56905784,858446388
66916512,665508374
26332352,283465685
74370782,947477991
29964559,259840360
67035942,640682584
39007566,363935318
64890063,444648514
55818760,598673318
17959651,279143240
63917231,390382263
77275200,272652938
77528688,649363868
86859779,289380762
49994941,276080702
42812224,316390590
28458810,483446911
38744515,534743101
80666994,583510631
84499248,633179224
46343756,498504774
66798951,341264291
21553189,577442118
25653596,786524081
29108418,696806770
53167430,494621328
99802892,635886860
39653614,536012500
62142763,827762170
15340332,450888235
76232553,587642600
25421809,741358076
48170772,449025883
72278621,984596006
72199399,587983944
91117296,669246326
88918186,750110499
59496548,267333048
44019269,579344837
76488783,929891853
58530197,854753747
30034496,489896959
28997820,875674645
54681393,945280431
41030682,675208513
76052901,449747691
11595381,374089805
63617597,482531529
97342910,889306163
89543051,228401252
81540342,738837944
89080676,279103895
64728439,410634786
44784800,575862996
87731403,532861066
41068493,718930582
41356464,916751493
67851201,414219078
72821887,684531425
21819437,972569418
31956142,518411510
12126383,298943484
93511872,765586916
15824863,885317144
99275449,969921413
41609968,873834971
46099204,656124647
24992946,315440007
11579439,777196697
93623652,953127580
99141308,327744695
42080583,444792974
90999019,826123290
29148428,253151555
66470378,975870098
63059469,661124662
27643232,443152186
81252131,689150069
81970066,356807991
35208795,749534783
47482811,846281650
20784477,699146093
15639272,665618773
24164832,379111988
85481669,895175955
74524127,246033306
48770139,821328717
14753998,594941563
39812970,374842426
85585436,791849149
10254776,448288756
91307706,389397592
30534906,312398529
63866541,647235478
61476839,881651832
74029068,228008747
86976805,282056482
74718188,929331041
84782503,883312909
89588776,637284157
55997144,478319680
47135365,644394754
94122921,246779386
71189293,371811263
14202440,382743612
94139394,882359297
76105666,246100114
49493519,572236854
97501110,531723858
38702188,218116605
66489808,851244577
24631251,714477383
31701764,642265530
38806591,615180549
14748074,251094881
33270591,726421073
22944446,615350035
15899637,526269783
31571454,765798049
96815869,329193106
18026268,349531064
69064972,452281651
93668854,344334112
72136977,581946900
84354381,244245327
85238825,963906849
35605350,878048272
73221424,727305945
57293376,927762883
48349204,817262155
70424307,665402224
20832549,934046948
96252669,746707618
42254520,722483050
86833438,724987944
14075834,314438629
19930980,279809138
55645767,516063879
26622118,942468742
52018315,282497513
44505419,748496760
15427529,291884925
24698948,860056925
24251342,913979481
77271206,260578675
41206386,417350793
57405462,327519051
98041648,615149773
96330480,926050198
92338162,344207503
75993056,975697578
29670010,785238792
69211743,461218582
56169768,890603069
70619892,546409694
75383335,748395214
31461645,266798364
25219919,712569317
14258996,529267289
24076182,421103983
92730493,779277596
13752199,822918395
38032238,533263573
82996439,584466444
18331954,682492858
85322614,665581194
83893767,472827789
51202062,450080132
34163798,778389176
19302160,920007704
16417926,412350989
60995509,382300866
12881313,234289558
80615719,943365245
77018632,253642709
61006347,828700238
42662241,613455904
47379441,323758173
30305487,554878477
19538105,273420091
13192535,537468003
68035635,513341544
69795726,422551458
23428517,411129656
88281770,769346709
13362498,978433087
30932318,897903012
32328352,434640949
22412975,930368858
86219075,748921808
54001261,317401047
52537505,745513748
36269982,695448293
14039985,648530023
71657239,584744308
33196295,574302557
34244930,840886905
94283459,699147719
86980944,299353202
93083913,318222034
98319218,641663609
91082110,286938545
20808069,629768425
56150369,818278545
69528988,266118649
22707288,598333371
31759610,737273890
83937548,324626615
47697778,269448050
15388020,470637263
50824318,480913474
31459234,867115230
53773707,582542819
83168004,668431439
15326425,850627931
18095985,493468018
86397763,523743989
99959366,390417609
45606727,715554649
86788557,224472605
10282772,646875222
22718486,336977186
52685777,557266415
73687292,753779916
10074242,930008388
32301344,627099099
63934901,421812050
13605892,327786850
42583290,727468375
91148447,231852630
51040237,317015811
83137787,827326878
38168498,890489280
21108212,479250872
52832018,350423345
24118840,795054367
24119220,888970332
48181154,883307146
12191773,514877918
21241260,518685868
99003204,718902992
13593793,368147645
14753383,512627076
90860181,481475915
70711268,310341424
63323160,746405464
38979356,443801540
12283866,330252442
32626442,248365408
98059804,844904065
26972928,748897478
31414055,632512201
51938086,567059303
69541980,694556246
48861707,668995514
44970956,659262713
67606945,820338365
50454092,720485378
44960847,353697694
29461451,821314213
18006942,655305014
24230250,642347380
32364900,879889383
72549856,633903782
15427391,285873961
86231432,910396792
87588848,840300622
31776117,534959135
92623553,337181870
63759430,671834616
58445980,652262332
58352551,316466016
56084867,373682615
49627090,267162540
12522441,939677395
64210024,339127662
54027543,420446014
92248953,386482048
12641060,255507793
85865259,523402601
79822303,523532008
24054603,931714572
59963876,745192032
47119674,643552518
56658707,570924190
36803282,575476617
98241343,384835250
35633085,486250067
82124594,311409112
67245980,425138805
82357021,882271925
24702581,649108506
12008769,932195460
73393566,286457694
97149805,796126632
71981156,448789483
73353035,317016448
71219789,278630834
26228974,919465073
44333807,862658658
38080137,815222686
63467493,669869606
45291003,844646739
49781351,381517913
65508757,222667292
30898548,464041787
21693715,545103144
61821472,443063936
40886686,685411018
55889054,261723776
80088111,424027683
37027067,868205467
93025350,463899840
98650324,865891917
72372140,313903792
18725218,622989705
98134576,593417817
55079423,264696607
10438337,479978909
52801132,834455578
39242510,483938112
20269221,260634305
81484354,627596950
52958336,619517426
65689071,233007399
28202787,857378785
40018961,737953377
56641440,292231832
33779188,351661741
47775618,828689102
12441608,814029051
88249933,274254786
69153572,237318864
86360022,892264480
61463182,721217642
29932187,840086602
26452283,212789656
98968148,749687077
31366998,655163028
36806251,746475456
74175827,733466745
80707070,478575876
54111749,977564388
52254211,444713976
22314881,940004498
40567239,399480838
38824993,597967987
39629218,447058839
79316773,750312295
19192628,984273184
94200415,785759854
12093352,316940787
17465945,292567876
44290648,314016466
77182917,653916115
15792791,742120525
33946022,511233727
97932187,838440951
79351602,855497355
64502553,685373261
33926916,256405930
41703111,743836112
83536011,721445486
13200640,213427591
41804968,747060347
64119432,320463563
88168736,847171332
90863066,528588641
37659139,755758661
77092991,941751032
96414837,447025877
34018406,889547403
96530500,311108129
54414905,257302107
17090891,981954026
47821732,544306779
91235137,677891426
66098871,536344185
41186244,248883156
77207209,572540811
32731307,515517909
37857196,887326837
31285425,273745200
70792837,856405398
14323768,743468996
56285540,447537004
14140243,888883017
95455610,675457856
17739443,345351508
73169036,424899949
38871005,646734892
80491807,375269104
66668480,660041978
95046633,971367511
74699315,336908259
55306974,588931507
74596914,240430572
94260411,329983940
34803098,850174288
29892395,467670721
68241036,335813209
46514543,741310778
50027963,726364304
85861521,534744881
65237297,435888734
90484779,548246264
36080392,476810331
78215221,558508687
92440092,457386229
84974278,683129886
69335142,947782144
56086529,650140302
18036121,228506176
62668414,410708635
16632537,417678088
36359041,785096780
32294741,799099628
11479734,493325616
22415521,563569810
99035561,894493815
98675424,617630336
77580366,512170689
71035390,914035696
51870515,214180127
83675804,455775344
41468555,722667952
61457992,671255731
77665596,533208015
38384473,280096889
41225144,855211065
98441639,812467329
46707534,614395922
41377315,439603484
94118818,421778094
52443947,731783810
43161728,436451901
61855756,819961329
30363954,721096637
36174294,740344666
18719905,680008410
13844520,818023259
52176074,930203032
80348483,443597722
75382200,972059001
95195544,336686233
77070037,666597666
45629952,541988409
44001237,688760303
96997786,677083889
95307808,216542055
56474775,689972448
87030008,435455855
80809160,370535756
34975923,319686536
18154091,943451494
50135385,817046502
56126857,864919294
38201854,690834784
93261643,646764840
17262841,792309808
62593527,670116011
57039123,474527507
15370838,796220685
64004440,678990038
39864678,511591889
72218032,730035645
44353440,274234840
68034658,221319534
86118994,559122733
68732208,785551760
72574924,451008241
66091012,936134649
44443226,236606239
81227342,697431060
23418910,872336258
26582187,636845153
61186868,935996238
67819119,777774367
69874773,738640788
49134164,846665909
14678078,598444549
65399988,486961964
76643253,241364397
45516165,246279573
83114102,472135741
52551911,428734054
31103790,429355432
34610597,838529304
24940294,253672035
11745112,248418830
56161468,831737901
21646716,588880956
28322101,372211152
72199254,362536889
55749868,868921392
40135620,730309975
73074979,275690993
60669589,790884835
65740433,726874622
92046225,692154442
16642278,927749422
88130473,531227547
30606704,615029040
21641503,219904735
97344116,254909497
31030464,520468925
68778152,777172314
42720201,883460582
21886814,714346993
12782083,521385087
51395603,516376928
27097106,834523489
29884495,337217148
14523646,881986506
46312327,917091023
76008606,317567626
14127348,658098036
86383645,570854491
59661862,824594711
11372356,875597736
21740766,969469327
81608643,245525920
81936871,370465526
37410655,592672091
79415384,971739780
63090343,256539381
82243535,686473755
58608656,414251502
21733675,869522033
54944820,498387769
25968418,421859981
75299956,478085777
20148938,292369451
65215914,381205380
90535963,260089198
60524360,450917460
56079993,632642366
56760130,666740527
63761916,652859929
74528199,437645189
63276406,461512512
93178053,759008914
77978115,242238191
57462487,972256683
14165661,831001469
14725500,514208653
86114392,591379518
57102629,365055414
40885824,288743871
24257941,697646706
96038958,243492177
11240756,228906616
55578370,872628890
48290396,940670520
81825393,838685327
28147978,775579710
99376526,766608711
45803183,722025347
68379395,962276113
45239507,461260979
45047719,924540280
23653421,290698730
69426283,769555831
99560009,582040197
31284044,450355888
17053279,975381901
30006755,524035278
58463588,418459595
17574922,796245720
37451574,266444361
32062917,427202970
15398543,573933344
22976216,837281347
24676776,938559014
85461728,230744350
23278599,594987413
91358883,380105773
65817828,291592658
95730870,998469953
97327934,459340172
10004335,422653014
10883572,761701957
20611206,244273788
55404622,492330355
39775260,265330663
54828501,319210405
51385902,828160970
51748165,776121818
10897585,326324944
76040195,994259834
67368515,644863177
88210293,239653919
28552289,724843438
88564092,611181151
13657770,586088967
84468228,626545329
42532167,853205637
26939900,884121421
62426297,982800095
80073753,974732958
38890172,632698879
21535726,970025884
85243415,568975639
25013304,734949198
70279024,921310326
47346206,520255397
41071637,645725084
77019492,497641139
86795205,696375930
18034565,364177282
42020328,349053031
43911140,867995543
80497292,492423724
77284227,257541536
16896228,793132467
99558779,936280999
19568471,262545446
17670636,719927338
73774062,254772739
23548420,879389551
10290213,651633318
45683648,381522667
77713501,854479563
62733752,528364739
46008419,714871461
73990293,923494582
54163443,988324739
10731656,820766207
39725169,655272154
30988387,390326407
30134792,618191851
87130189,280867925
96302682,769058092
11948261,860319727
67670018,259226581
71566892,255681948
84173971,568398760
34295994,378473213
87171266,640261760
41522248,812163910
19847837,225200052
59980868,974187114
83931819,279315167
31433492,362489066
34384958,926850807
17373845,276792508
55475613,794640751
56562086,931039174
24761581,832335702
58699561,932543758
32835627,517599107
53016964,591402893
33644608,621628263
65313379,637008848
18251577,656508258
66068819,671237333
97858183,934409631
27777215,950363801
41421624,790054356
29300768,489273414
52820803,862886616
15617394,741493128
77542840,852793499
64367032,570582355
45892864,445731415
41627056,980877116
51516148,931795289
88498774,214600629
40350665,356619997
50453862,984127905
11251143,572534672
50387343,598675141
12858909,483695952
98435619,357895847
41518431,845850394
16653151,979948383
14040615,336668131
55634275,965153319
45252091,378479132
53003143,312368780
55156328,993944760
52083945,695444643
46719442,663845372
10088651,845199787
84972227,831933937
93112835,657064717
46366348,631553087
27292663,715224527
21394960,992524528
74798852,743595200
21736832,498269081
12870369,470059532
57000921,683667338
90598699,318414757
63516270,333703134
46640687,253651299
75465524,861589568
59117760,227322060
24086510,227423376
96824330,252672682
69780546,748304314
79517141,749836847
93408769,575132575
90479659,570819938
33952210,539331038
45737823,783486516
41995734,314161086
39557753,253475446
69605384,444675007
64682406,876090518
55236348,388573753
55239975,441907484
80329442,565779140
62027580,715657943
24157589,862284210
29366138,449490038
20860414,930449516
75992878,910258703
96412259,294800222
58576871,947026185
43013157,528703813
97937494,822171205
36501973,235605061
11143086,671789597
18170562,938764798
54005826,793813891
95391829,941809910
67867441,811499480
23068038,619783699
75071459,482624850
24306255,919745488
47861377,548015601
10946805,869066202
58030317,378325517
17552069,882387308
73425326,552976169
92428841,867309905
17400929,982148462
38736647,883681278
99612584,860913619
59548195,333462408
30227768,678115760
29544870,718690413
85711222,778371906
87609181,322121452
75204483,913747560
66111618,851109801
70254463,316030587
24157562,641493430
20661061,430888127
59075648,739119595
79504628,923741668
12761899,639421771
47910210,539409604
23198286,666106972
55931778,399827305
79765262,825258225
87445534,231494730
60911654,299825408
29547397,321445645
42569425,930246047
88636691,245282116
62179581,911413328
13059409,981222187
59273171,860857996
71573567,694219248
73163844,945071315
76422010,534260517
54611199,899262224
71818480,929046894
46268630,741400561
70964252,621333414
34982256,297756086
54335927,498774462
63952363,724261985
53948052,292692057
12655531,558838894
35822811,725820623
82445024,250192991
18512414,674911679
25320884,473728077
69101513,295077306
46460202,679868893
68827156,369982044
77855851,776215578
88634762,838605402
46450847,563125351
82059793,720502615
64970974,523709674
87008698,293322226
89892257,428901460
46554650,685270608
17632346,478694124
95575942,438819644
29200141,796561897
72334462,242406089
33595806,639398026
89180856,553279231
67012024,999468915
66721705,918164761
73155685,410572774
30336911,983658845
49923226,450725842
72175926,888790122
19653032,218944225
78131519,389158328
80326242,949950173
78179562,318261297
37289191,894066206
70841561,986679113
73083329,342621407
53558805,887052926
57957601,477730105
19202495,929167667
26953480,482321307
50957791,946061937
97547532,875649992
45459642,953648254
62276010,322039478
44478847,226622594
72096398,854404240
58061596,370197708
83117825,963184116
37906352,711965030
11319704,935713117
17150772,993872426
55262334,265023814
40291473,773023802
85221130,713829244
20677071,311212018
26105310,398472554
72285212,929315401
58170764,394228594
87900028,640067106
63183631,624324756
47546961,986022976
65211793,234757132
21302260,495986376
39924478,481289497
60945240,433473405
50819820,859833477
18522312,946101330
51344629,955185944
56644069,790763061
73788089,386811615
62310954,882366954
15421731,524216113
42937896,443920145
46183439,338014873
91559045,391281114
57970150,946405102
65045324,319346314
98628365,646681529
28620859,986553805
61635061,743727178
64799961,551917624
63863273,391681423
70585180,344745225
44691515,996663215
89724856,912805884
30431600,646265090
18164789,661849867
70519838,578799253
18047236,315807512
15509321,813913431
50207070,877822159
65908035,389200129
13158984,966403448
65541130,811028437
89471851,381979448
64984372,741710177
73658008,328102222
27036542,747529807
49354548,918610848
27989563,839453799
98980716,377034695
37379706,473023200
47550124,514550486
38009001,642580511
24142295,243108422
85541429,960465362
60277194,515695382
76723868,788782441
12681827,584764617
78310842,595304194
93905672,268133299
65799787,279861760
31470307,524203639
63043860,991180379
29580017,238596444
61848164,818711786
91011560,723729382
73782899,528101608
74141002,222151060
76240391,487495065
57029210,429145358
24865470,695530465
14198462,526604410
45167692,365831418
82489271,399969955
39360054,415883013
90671961,649932189
81774287,223370723
91075703,515973908
22756063,996990811
76401527,914883576
83577880,522626380
68625710,649044327
24872012,989716499
42177069,587787205
15706094,959363152
92508230,682067051
18041376,395234603
47283175,972262660
70968392,424800297
38405545,677951323
72661732,882369594
52883559,994815041
37258480,891262618
72375075,928780383
54638712,348262569
94478581,997950951
85536588,955738058
10794103,535833778
14902312,762949026
89425626,918172699
63414763,787612596
53475066,356505339
41008896,344528701
34703042,330528801
72086880,953698703
24355810,840872739
87932057,913128752
32353615,524409062
14222807,891607543
53920707,549749240
21114027,737692992
95105777,862084807
19666664,512460662
37888342,876702520
56118074,650413167
49122445,716011375
42050049,649263410
11550630,410859269
62764818,759686123
48461782,855513436
37700261,637233686
53820851,511939453
67842250,524381374
75974168,795360141
38837641,610065948
59817312,569342710
22121497,861373904
96044281,792228997
91779759,374915234
10516784,947929246
33567372,666452044
79792929,380549538
46741201,568158080
41273778,736942250
85487213,557766933
89817209,768769478
50641338,685566662
78697695,766097424
21831746,680834224
69144653,670144208
87070601,639981089
75459278,856068008
49242837,977084039
81117675,953413023
78735586,636035087
85760451,747797149
12812092,291977459
30613387,411050258
24970259,713279392
15867924,996187782
54677371,331097319
14229916,675763116
19991841,257191276
68960852,717728227
53675283,783454895
72693288,592938408
54187050,732427502
46413139,427580566
80810359,826295809
43845469,515847096
76248397,949508885
92326385,889499086
65301021,533297609
63644265,382011688
69831482,439349876
27260736,864224058
36492168,933421674
93676748,863802306
79239236,411976662
45266968,492674619
32363434,390240266
92260205,841404791
86700325,253809067
66733361,464704899
26803046,586892569
73205796,727300998
20977541,827686895
31826195,610955576
34482060,810122323
58807965,650310406
70333333,943156927
50243801,718828513
18026759,213289438
19843757,920442101
19436204,729680185
15604920,770537468
90176346,447920247
27812292,595714615
97056221,613052406
92008456,526945541
28655020,880345433
77151439,981870589
74172006,426651111
28665800,924585649
81002145,493766819
74770774,243968766
93005666,481688274
16836794,765443161
31983329,583434139
66000836,455984869
96385088,548025812
54762774,697775802
49142898,757030148
53711225,871062506
52803444,959396341
41609001,493067609
60465356,485167082
76220020,931811289
88977065,364122752
43127246,890262965
76871709,371979750
54852106,462216098
43244160,237579205
94063133,988853482
42464164,321128934
27751270,965089052
94052536,799058031
73873995,364235320
70479035,362003545
81649891,757313136
39123032,736463103
74772603,283637319
24214401,769040984
16426671,984878433
41329032,654228901
57556835,455609540
56412696,988457223
35575860,774303878
70875406,972948462
12274493,960486304
56560558,515368888
98993436,970143879
74076779,998064760
66290482,350743914
51056273,734207350
68925993,923064546
92602898,632932707
62764794,435973392
45468402,867659665
41858770,721221034
35081285,394436341
33572018,422561081
98842949,810177877
61348656,324940245
60118020,437218589
51453301,618835489
58920087,681105595
83391607,470127413
21388844,941549914
28251814,788412972
37449406,434204727
35307166,693687363
47132156,845130425
24805074,858881035
72499028,481263875
91492039,347682303
83417074,392912344
12136712,578486298
81159433,228859208
93500479,734023406
59169663,780706831
56939726,665069269
84942581,313149969
70215933,248951944
84527621,299112463
92520723,750753546
75405685,661811452
89326728,472211863
33032838,697486631
30046265,410581167
72038044,630897634
35488829,614262835
34646941,414472984
90644475,571836948
80518052,291104322
16346017,383460357
87677477,584287499
36140363,692490171
94405419,612080616
11540935,529397005
71113542,519934206
23251097,446296761
40826076,877608760
19467292,688033803
24849718,880440205
25626135,612715427
61493247,448987077
50517259,533205465
19412320,423840313
62546783,221496835
58077268,266703067
50816116,798009696
12127875,480607689
52312143,894625117
88718817,418419558
27894386,954683048
20176523,720797989
58349792,252900864
62987299,318903826
12533246,351555730
17849405,959930384
24395232,930911707
33617424,642309961
15482069,420824050
81876619,352076266
63712784,673259889
31164393,458012472
88469049,260998828
32008906,226880070
78715388,370149677
75205247,559443782
95363563,415726360
19857002,250768139
82348174,629991882
69870988,982898859
37255890,569494187
68780699,224153837
43083708,797277685
21030291,612904480
50895400,547317010
25239709,275245417
71042385,635114842
99039452,492051740
38392069,793565288
40852034,987127209
35632996,527043628
38163940,957549996
42273264,229635211
52233768,942180056
65264176,354168272
10715844,268614780
55193069,351901083
55197091,722722567
53741643,554576506
44203974,824507903
72022397,346359994
67874459,687428639
28457279,463591974
22611483,362134687
36209960,527262979
42634987,379720772
11313316,356979089
17339892,484233675
13873770,549189717
10227717,742465385
58003933,263598227
71033915,717176760
33650598,586973763
32560268,468903625
61426781,677820970
28493084,416030558
13606796,593195246
89245421,235021612
58548615,383428967
34220409,481783397
77792339,338222074
12272081,496437213
76188580,490555656
88052959,847528609
89650198,473130489
54500245,422105791
54526516,880135686
27941510,872876066
99856521,255535217
91855541,337340710
97448142,898176341
46270947,544780324
62462811,983043569
39782903,890557856
94133969,620957461
63678686,828866166
43083466,322595475
72492762,989278580
57031141,695181761
11822723,957407716
90810626,240647366
10861416,784790665
18348244,675656486
80645290,541989434
30143338,783322271
23108022,388480229
29842524,445268640
25721294,780795233
42656439,950452694
87087624,730849674
38510715,391112092
52412362,526474909
74045284,610786911
66167461,619248669
83216109,584163313
70792456,994399379
80609219,840541438
72444417,957685020
96994503,926995308
86071441,380647619
66942380,871636690
17965060,826407739
67280886,264564815
76248107,751172736
73812188,393355323
72125468,652806874
29154218,561685554
34016188,785020936
52542995,581641527
48129460,973265928
40632101,956876205
28668533,866195677
72804621,730080654
52140801,226316245
35544576,360374018
77023858,264005866
39569217,835157708
96077577,829529391
20115903,753442834
83969706,623939279
40747659,314872541
55967810,881658278
61093839,460881228
20594586,656734476
77905079,494749997
53031161,420761686
52140750,585340293
62649524,475863077
22475035,563470704
69886188,211382201
55922670,491707836
77936950,586588794
40521797,361664033
29544364,759057656
15652905,996470677
17550654,639124675
87417290,871498997
17546214,990850722
33543730,968768554
33376432,744345686
57198181,297540594
59456640,416959689
46056289,510079957
36715923,927651540
69846826,825651822
65660854,612206282
32227800,782356891
52497729,811023268
70632658,918629493
37028548,712279978
10291674,411523629
72191256,943062497
79968289,526472466
26039005,675827328
64514590,532254868
29539084,518773140
15536389,478763969
90613234,294976767
62434939,966679578
11198510,419768794
93543759,365803380
77688159,565685167
77634690,580312630
29671158,951183852
30337188,460754648
35879580,613641583
68450526,574088826
71197640,869410816
83343061,855484799
39054330,942206065
96455877,798309509
40051014,656046070
79319708,583851339
77853414,483314163
16114157,585270986
19882886,648177023
34742924,239362420
96064478,463967295
86704519,326366467
71306703,431639617
58739404,315214038
84512102,872521876
79648262,653543109
24164490,481109368
80685605,853508733
27830926,238622632
71087194,584042598
41285245,268061156
83665758,947224243
69493780,527106265
97169089,251110652
74268725,572956002
99467234,774758546
69178561,241244102
20409119,556999312
34252264,898683200
16848811,911457309
48096049,293385353
40078506,831800559
37772128,346246179
30944213,736798708
42088561,266993952
86826481,376653257
85943005,538378516
36044961,382675339
22869032,975274655
47179989,961315497
30936977,858487593
53512308,283522730
18413994,972764261
20177730,393838601
79373515,285672751
27923099,426285469
41899983,466235749
84936198,524961529
71142576,684501690
96309702,460473969
20616909,221259421
63890722,383570566
38334981,664972586
89576763,378527693
30470599,955047452
80522255,225544972
21650679,977483687
55052139,824121974
22116780,573496725
89158140,310182194
22514940,312045017
63677510,961484844
54399365,398091822
75289684,394826585
15126458,699292117
50405940,783676385
81816438,419258052
13218891,345078995
75043305,385643186
33110893,556050427
53341218,375521896
98422121,219574023
49562020,429904390
94604711,676905189
16687482,345016941
58761571,543931868
86456437,394713110
60650072,957989883
30702581,633038386
31496637,775066909
35196162,754580298
84604501,831674355
44360713,842977535
87761823,296285984
57032380,622925998
57790495,824974270
90748748,544420475
23086195,251502867
94422226,348858948
52416626,570780540
58748866,525585306
70794553,551665655
88830209,581252409
31826156,578037067
70450628,940683470
57866670,242815299
78651840,343404085
60891153,745961787
22906376,610111569
42668132,987172825
91527186,484680353
53550378,565883698
94415697,971751259
88616769,748201612
40013659,716193028
33821876,741250102
41510070,639683223
55319723,287708493
13900846,721249306
17469549,819036652
14871387,357959649
27314514,279971872
59468544,919530688
74197734,627249087
35345151,266244729
64444613,930455904
64490145,641938803
34239193,817855918
30804187,436894525
97049110,750874823
25786316,846859296
18816866,816740518
21466221,777272640
43794111,270317343
41108401,269947560
78152821,427294067
15217367,751090630
58210950,228106610
27717569,551065145
54466063,520560706
70374912,759057135
23034785,233058575
20527846,220688334
67511299,428557504
28275571,837112543
35989285,431718155
55319539,272506881
71458403,516487557
70799180,853485582
33948908,873203284
83324864,893540224
76282103,293632230
19069812,283933879
25881529,889095478
96903348,532670199
35097021,263494476
43714820,986467535
74863760,623157327
62148067,664759107
79185435,818909678
38690639,763288237
19080092,359622568
22755455,985419997
33746752,345000789
67661701,312492408
37123556,728693664
46376276,372397701
91453368,459124926
35980622,378731373
70861109,347282299
46971120,831938546
42329356,275243228
54688066,671879781
61491986,692293456
76483246,294655772
10814274,565965896
67675804,417893084
79502412,425662571
84844821,786604698
90617904,563315312
45450417,533284313
42862403,682523327
61824889,851006642
47741638,812845127
27115428,487593581
90502545,798180286
31543382,724476741
49789471,995494866
94361396,798789094
99813216,650970577
67300045,316902514
18126938,273449470
86336908,459041849
56812289,666962261
30288555,423372118
59586655,938394016
48969725,910103422
72581851,574911654
15740374,940506999
55508523,496929520
66183603,771122215
55170775,358210982
91263117,895655869
85896463,919645672
57496411,666986941
77073553,718877355
17078410,469248621
29678571,737933456
81853878,377594140
53970537,717002350
55898058,897852610
82760506,676860713
98475802,648329279
48776092,294300114
51543579,886939225
13948338,342630177
85320092,210685380
38840327,941646819
25027133,312810857
53380566,642735865
96443943,517876844
75040234,918987746
29324855,281372609
92033539,664252093
84449274,556443556
81252252,840587078
14425110,972620820
98532673,647966540
38426968,231793985
48422003,321262284
47312599,656133634
22354306,753578292
26849314,876227105
74669786,690378283
67608841,865153856
39843897,330777987
35302689,287829170
26565926,297513818
33436488,341647239
23896029,560098303
39149160,670109974
52910027,353244068
83169039,753114825
95883873,621741537
26318617,615375642
78276929,945327226
40048548,513189432
34800245,723216297
16809074,957474386
84782232,333991345
12916391,425513662
46620379,687116872
71504312,479586687
91406118,280748253
39067094,413018062
12577818,393017018
14886333,499360047
74940321,679260289
58614169,754996325
40043546,570182792
55926715,597571399
32022459,715367295
31269327,338545200
47177390,432984502
53854570,571151339
17805426,724709084
47630472,279223431
40191468,675781696
12094823,931968421
32994431,687324775
59353277,778439870
42172811,982309089
44126195,763139541
94649282,431250370
43132322,727430167
71686370,762982107
68780996,236753641
22226406,555351133
17226648,720380642
93025675,822646264
96535281,496815752
85203985,779595129
45177518,766592783
59352361,271147723
52329780,212562445
35096945,655018650
72371987,868408080
99824823,220139706
24938324,816572961
10708542,661953152
24868713,481892713
21800712,728452665
14220175,937223633
24072730,888657191
91393658,442808775
58037061,762463115
95236750,724249909
84240491,637489413
46567407,792883305
16463716,466848007
46532458,420337738
56074084,544572645
10619601,753315898
28007927,344640427
16984502,321584924
15936441,799198311
71226345,734125352
44458044,455603389
35665479,950984002
52193378,746009411
25438020,728856019
61447642,894030281
77102018,298013726
32303575,329340739
92957366,453806924
93658559,462157694
96572383,752222480
36222292,913557311
56260809,789994628
96223870,732858563
71807229,243476171
69387858,910276709
38247630,734794096
95598621,595515489
52414772,639866678
16499222,565617751
85192577,517665675
86773667,979364496
34043827,278082517
93071211,616104312
15420435,398922289
93022619,975202959
85405307,492134305
30666366,726356754
76344286,955194248
99568934,350785102
74249581,929399076
78737673,581175698
99038951,384823953
66304161,652897545
11426128,873232115
96497638,338340791
23641443,952065535
87993044,745196754
95060620,492652758
35952574,567683159
71754836,867260818
28505060,228484583
69265436,957158461
88807243,755609924
11841321,896472458
36658950,859241092
16937448,249733474
36575634,694754690
63422690,449316669
36873018,975328698
36117170,554165725
51266226,394475396
73959002,237200870
51476300,635108608
11892901,811126553
13629351,572185262
56465030,297006444
63168733,573964956
37656516,914813485
29221928,248507307
45401001,323529311
22644683,582196841
22443171,888126931
10591470,678799274
46682842,455398408
79856491,425244398
65403620,727541529
35058401,822336045
25298750,846696740
68344135,364145653
99392378,854312644
20142576,488434477
86457882,663183547
61678890,685143103
49025097,374968067
83878322,854382665
49603212,494411949
99218073,853168974
88168869,888410532
76164185,642097030
12070274,475342094
39469420,884981562
80529271,593879115
39213417,454771389
30276941,686136428
53285122,983729319
64219489,684861864
12428497,385512931
97459225,389635147
54520874,381083128
37044023,867409806
56990878,969625389
27329099,833568354
78897907,247605439
54110878,718748285
53692687,366624858
18766739,541037052
28174909,395689743
60825646,872824187
74019561,863062572
72606170,857090274
15908301,263354817
52275590,460450654
78511298,265744754
23437851,499417370
81198974,897400605
18449555,855258538
65367410,211545976
64484709,424117559
66970927,688059134
25283969,917047929
24413584,971976116
42324732,815029368
64087928,570562257
37244346,694833648
13615310,986752640
89082818,317124996
79240922,576995424
28470550,370378500
99730347,542915615
66918432,271028891
11932391,274437764
24400776,661216837
78144178,713907314
81758371,224769032
52345124,329096590
27265510,467685320
97220293,328223128
43527704,238020288
88992027,741097277
26975892,474613065
12508940,826017168
22471393,346140626
76589337,812691392
21069907,615101707
71603134,288875734
57922964,438250750
16423720,859953339
53504914,559601440
31302175,955987024
19928525,465609924
27190451,725883133
45450500,246858643
82238326,356251349
74597063,870531379
87133713,496824149
71650634,425630426
61536878,681518872
98125447,234233227
83289562,679699755
99514098,519674703
69929767,695984922
82620907,365746262
44188981,447114117
30237904,859455465
56508521,867676783
92770490,866944841
16896635,673181982
28212141,335350922
42976588,614028281
95763602,631941123
64556333,571556593
45416684,428699937
16251109,752375491
49433630,920971344
16656491,663478322
27557024,984376014
14850921,938355917
81362117,884517204
45260755,466801042
58768048,533983111
77302407,323546131
87816486,591967355
75329140,493050780
21970867,990721759
76988554,940689481
95459321,987355647
92933269,225589663
17872906,951763424
29785545,488775672
16962214,396175881
88042811,994303736
60154040,699588701
50138391,714801102
98662518,878571047
45878609,361026987
73257808,232473434
56371728,443731192
86387284,339439905
60395101,334058861
69453884,458505561
74446546,638002074
36086615,729528618
33174200,281785423
64494352,715281633
94674548,921434614
10453062,271933523
21969680,456461419
64253568,772936379
40221545,841241993
73149773,941667200
41682698,541638115
56745156,660192264
85842139,871998467
47759739,859256746
38973476,322655315
29655764,446784539
17949109,679376767
55926284,958171657
54492863,433329960
10604543,716716408
68541255,476385169
94164522,584116482
50266559,491146713
55724594,249196402
46128566,413553051
75238521,583077564
76786532,963240947
70821576,295516411
96213691,735182434
24770144,816293448
18586585,588075553
94096359,479516858
17633727,619303991
72551049,962630086
50098532,879887997
75002408,460800248
78171104,798764620
72679607,994945892
47182372,945788103
37915528,888722047
36567923,656908936
91983086,567841971
99317742,367931054
26233112,776532092
81896638,996656930
29760349,270368679
23476740,932920648
39669424,257434395
67659007,835857000
45284582,631657739
85496536,875218103
60643785,814802131
63548054,783142679
23821469,864574779
36748585,996662497
14182122,583988591
25924459,472279728
48894161,220220779
16793218,341430183
49221038,818705683
96727332,678835152
81572636,572562963
72676693,396431088
62720372,774312438
44922830,456608101
49464537,215500789
43180280,646264803
70637021,293059915
12473833,860862410
73624106,554335479
56064210,673027374
87617180,350205638
45350031,451526219
22854487,920508651
93792663,297906961
85004884,569694416
91683607,421286165
76693660,851331116
51789955,626316428
19073020,572678810
76594149,929233320
29658075,714873259
93530804,943351579
40289777,994587477
61172469,773068663
60987195,634716929
24097163,638729894
82626258,359281013
36155427,341635075
43773649,988344016
47353308,780470374
89592069,756711861
87067960,810582673
53755071,622446528
76395654,671924996
56064595,712659551
12647437,962440331
83578411,319842239
30535704,260953860
83869294,873176681
91953190,722391595
38642905,362211269
22556862,520109167
18169377,984589656
46415317,688420183
49190930,349068818
57269869,978983376
55707725,863684812
61833708,560054764
80514253,698058644
46103563,274711281
84450833,839433658
59012390,812358511
38138500,729243079
47231319,752360050
22621611,619136020
21587064,581805905
70156532,479654466
20410463,744872497
28831455,944938734
59896358,994467977
46827118,229655445
84904572,416445209
54074006,721656169
13056373,628893110
58252832,962608242
15738108,520891797
83192434,255265470
94787447,844155587
68136773,526845042
51488531,499021906
85751821,977423494
18614537,898757622
88470714,461928921
84234236,673625437
48954199,250658251
33979800,880414656
18686948,239390286
90950425,970933282
23340881,314354496
33960813,684808620
69229227,879392675
68022354,461264964
49169604,332032214
36567455,365857620
79035835,483717351
25366438,638722507
67258969,511579854
64286266,969189023
75468731,799197411
81374306,933679387
61030519,413831651
38386380,783883556
10094174,773271475
48090997,623598032
97491679,412069720
60104028,356149495
63907251,590509558
70520871,410592738
21853130,611343200
12966099,692762866
82405540,266685726
19943500,871707625
54061068,546314154
36900216,435895644
70536398,586267688
20200850,246291692
55577416,694809129
76625966,525269034
85092050,994238936
62290478,265651962
20313236,820154901
35907980,298225438
87469545,864123619
17862000,718202800
68923957,614902045
57578264,387279365
94223009,986074521
93035923,338326143
63455552,743436016
74573977,966850227
20346712,551181877
82924795,569037879
92706906,535687199
80587062,696126884
37934870,464107497
24573105,656511866
54811563,232114799
16643633,739535039
78582259,552184555
92190611,949784513
89787502,567673840
96067523,653788366
34255272,443884296
83758668,367179324
99815287,469310964
23762706,415498760
72583572,547393875
99192701,442269485
12641250,669774582
46913997,496986563
33876921,469357699
35232399,417927765
13205570,556033720
72403747,936635192
19626669,479203058
12898487,265271677
30630789,689942936
31683450,854947724
88079399,281667363
39798658,378657972
90773156,968096832
96098696,579475123
83537833,460463824
88166108,426794046
49383576,379985817
61384503,839010019
51640893,913528838
41971692,350992106
62977783,289076277
60824010,438995866
94373610,346354779
76958804,864698469
24428762,648424134
99395064,532119401
29591915,485584326
32944174,514305934
96347330,233505328
31120174,984151170
60260390,950431642
41466103,978398242
48538804,482753557
20662957,431104194
77542795,786452585
30993799,440332957
86716344,644216615
41784295,824219279
11095725,992586605
42214693,896752577
97692040,855825401
82689683,829431359
54449410,942045090
56180108,443928896
48277959,737398374
84498994,292477050
73681517,375238214
48845455,864534679
42126104,846847041
39766820,493385850
43227771,425567385
59278227,888531043
74447902,921176771
13342305,219681712
94196357,483989841
29255945,635705570
60657820,440207297
62486685,954838088
68117482,993774095
45026597,340018301
33227369,293668007
23904658,988479408
54733591,291526629
36841979,955786707
37455880,679582065
95448669,389498308
39502446,393415628
41836460,993332196
41369962,289011448
84225879,351586325
82739109,232471593
10700025,245259099
23969057,718481737
57483390,453650376
70102844,955519188
48076387,218189177
43399936,236525427
17619476,919777318
23685969,322428356
96706739,732595238
12270821,989824802
93831660,350352951
34385114,314437287
95236594,435170764
19407330,734567070
43812676,642508048
68916138,238205856
78067315,264160321
98270619,921114365
73240699,843838553
57182963,872048936
86217819,969013826
24800612,976286513
15193674,678164325
85741648,544403141
95773576,842659754
96417967,730266448
51676335,535283420
99451681,528491423
48629688,535217716
46351858,459460163
46697693,386095403
56531449,424648888
23694077,233495286
67087857,752259712
33913711,599911065
91507012,282095366
51397773,960009568
68567966,728329591
15791744,699091816
95863957,929069034
38400627,631945624
54428408,983913984
39016961,694123426
51469656,647240088
35729569,797056503
73350518,781514535
42137623,956581604
42503670,258832350
88449812,385104636
64729016,589147428
67208264,260033512
52155629,287566425
54630383,486572444
51837871,352391781
34715990,446130499
18976180,914662401
52048764,419520207
68769973,275074039
32209890,498344838
47779706,222549716
55292949,626257667
50528891,442539103
20857476,298821162
95292904,244134919
31220974,986747552
10502435,436809367
74547700,290427940
68649551,950790465
55747202,319606256
36239231,542853054
63271635,646916457
11444721,783477541
70927344,785374047
35957251,676625707
75624826,799291514
85391603,824110939
72913390,413146519
40538541,692283348
57406142,854021175
71549363,841273483
45056847,351181618
67523030,978750847
84524043,884283836
53108981,973399830
28249858,377289307
18374255,329961167
97855624,326499932
64205788,568908093
19383185,660673765
11170369,342216621
90536757,789147423
39618569,991453544
40590276,550747707
26888915,721524519
42335713,591630493
55047747,582331654
20045489,492183657
70741187,618430097
41915823,450279295
72491155,479619340
28945428,390743355
76955369,459127671
63292192,855902851
69941978,327155934
89970879,243168278
71643704,246896817
75501005,479763726
66987864,352277702
19806364,911935607
84813512,222779085
60863363,664261158
24945111,419733505
92176148,664259257
62522644,337458539
92421797,814025995
19166995,355620925
71293093,750482995
38150010,746686624
17686648,293355912
37764922,243648598
79877562,423680167
61472952,617002331
60587890,331363943
58886488,620358573
79039307,283517954
71719192,546930501
14196581,595353615
79849101,727271141
23409278,613082083
78681192,375492309
17603947,291556261
70953677,847365195
54404394,479300365
14214592,297810870
51765207,636322940
99604001,430124185
50000797,211281880
78911842,994217340
46001668,874864466
39190579,433908598
36694167,267477117
67697543,721449641
47099542,469019441
54400908,753510278
85300687,329662931
79954781,424139857
91043696,797023149
44292347,417162587
81949459,812481416
38893409,377727614
69266014,989954848
68329344,238332945
44578040,310556504
34825564,291704530
35835183,665534809
71207506,516393501
49689696,447133402
20036773,915706787
55104194,371896961
49022844,411839285
55093804,615795843
81552893,258797723
85116807,425032771
82053548,848400457
36667018,245325099
60702792,559666870
67958427,873639057
29352630,681400688
63509669,268609905
18476594,753041116
73150883,678229537
29435633,510670583
76886891,312162244
23474130,998951832
18588645,835669886
97328175,760851715
42037147,864157639
96576780,312493721
37645386,746183683
57285999,558809200
31030735,874599335
20037123,530497444
94639748,452811397
22161895,379246588
99803523,524284644
11117482,446974162
60056454,359742800
89887827,428458942
97901809,399473557
76194655,497494372
39332793,928917993
94807085,895953374
72051682,656792479
98080545,779158304
85874251,964593677
80641837,792246557
20129795,838147438
61432467,216475651
34329541,734679192
93688292,264811828
81891809,382196329
94506254,656234697
37223010,632783505
75812763,432779303
60874708,797636081
47839121,463527980
14573118,214810674
28025942,781169849
55717963,417066739
85770928,910649754
98617767,959413015
72354026,644544478
97726619,543785309
93555792,393879751
63072792,932109926
19411456,846903750
75696339,927558872
80703801,218683302
60425981,373479937
21301164,978646915
12496401,678604763
94366705,976577670
26605418,871245506
34843429,874363948
89735608,761908404
32811701,714459755
12958838,273056653
23058678,928002818
12399762,717782775
77248497,749460634
10896888,721311518
99133398,513671910
21362668,235127259
53036140,990316375
78839450,434860878
70521481,530616407
84147375,277396879
95423675,880283241
70079160,735186614
99353558,286299882
58941828,273232039
18531311,686416200
41870903,699801776
85613620,684593565
50553721,285732826
95322941,832172379
21588415,684216816
10578617,652874986
63079934,643364013
67485046,697816393
35812096,743392795
42166389,689081015
63981782,550806631
99239801,694221534
66747481,984477007
83954137,599288745
52343207,760545693
47098311,942847908
34247557,356155919
91949783,517131449
70045296,477832252
10646571,326572748
94531485,853033360
20360713,271687791
33103463,236770671
66819613,574437658
12838461,779658881
36130876,334440407
65393394,362106253
44609406,346344839
67876514,910072103
46282647,894566201
95299097,777726846
12443795,827900309
60290851,528277370
59672498,930396233
97147621,856936556
46330266,362163243
69220174,641957903
88928767,228801979
47936379,983514798
77151709,316273561
88876420,617320093
35062161,316448440
26612987,562014593
36149526,740819631
56239139,451184854
10405505,269122243
64522567,939106069
82409722,770754733
74248887,752980748
85925809,924791939
26342962,697475800
60076269,226005385
12477177,664742204
73128909,671666749
35522531,868564018
72401864,281711661
59352107,880530979
78282211,573711333
48720584,382999826
73851862,841136036
97385841,765665059
17979347,559379298
53619549,549811373
45691670,396764865
88304107,480348080
86999921,297293106
95990051,566237360
53801571,949974720
49348289,442720458
23982637,589654776
91447263,515609669
90469555,658114784
32112852,756226399
90729933,832106704
28764352,684160553
86015205,878015405
57321404,562828079
39143448,870612651
65596526,634032926
44705663,423623911
91372012,610631642
59902908,248668062
87412278,392831466
63751468,557050500
39236551,494234066
59081894,339355604
67626622,276581188
87595800,480094576
62921304,432348270
13539918,614038574
86441714,524416242
56348474,210537383
44104875,274994496
96552297,413232763
73223034,975335099
53835113,826969634
67532405,622131881
33934336,344238993
79512639,892494683
11913568,361125591
74694797,998214575
78676592,399790430
81630185,795660684
46328764,817819234
72901709,733134688
52872195,889697461
95067419,958540390
10512206,245616158
40570615,547443616
11391903,214863321
73352994,496010984
17163950,791640765
39086087,741036518
82926409,285455169
25428285,571119945
16441838,238059199
91921602,581865763
91741402,947664211
25160771,414119020
44218473,531936931
29421292,358567905
75669778,673733145
84139850,297861010
51051430,351107329
64477178,382075812
21980754,224398096
44730284,579027269
90775477,826604019
10339345,634107757
71859616,788524487
66983509,982187367
23098705,342669238
81614543,826432658
57250154,491904273
47636001,521538191
53826470,961093855
95884093,952263442
51675621,948479167
74555781,826718900
98272996,445886850
54943654,457226474
37200723,292752429
16311287,584046968
87668189,399088582
63108287,215381942
87463840,675877431
85214614,437947486
10226505,216099897
46372981,426462458
49468422,282944994
83838877,299071745
56946414,942422657
48651310,874660865
64972983,969573405
93571982,849329060
55744773,423594097
75885398,882687186
60959019,670469308
73524767,668619275
52506798,328657676
52331803,597993866
54942021,626823361
27254618,511342732
75529740,539686011
96062924,816166697
96882055,734402445
75727275,342204370
68400042,268836964
19845422,547685056
63075891,294322385
86970928,658361486
90790089,717627747
24616699,591518028
69173496,255398540
48491832,290622880
79379097,978052974
39910638,391892444
39483054,595458717
81045749,493501106
72454129,249565299
