dni,salon_nombre_seccion,sede_id
41576653,DarkTurquoise,31
64944508,DarkGoldenRod,145
59608965,LawnGreen,170
25339058,MediumSpringGreen,89
72677668,SteelBlue,51
26069663,DarkOrange,177
98985467,Turquoise,153
63728858,MidnightBlue,162
44089084,Coral,117
93041944,Aquamarine,81
53974809,Thistle,114
57067486,FloralWhite,181
10187381,Crimson,112
40710848,PaleTurquoise,82
36300438,Fuchsia,89
16364142,SpringGreen,189
30714786,SeaGreen,56
59405172,Aqua,185
37890461,BurlyWood,131
22524257,Green,16
64852522,LavenderBlush,92
12133230,Wheat,179
99275648,PowderBlue,72
90644638,DarkOliveGreen,99
29207367,Teal,2
86489926,Turquoise,9
77711310,Chocolate,26
11758462,Violet,38
26125587,LightSalmon,11
64926748,Lavender,158
73523617,Tan,192
48910113,LightCyan,190
29983168,DarkTurquoise,188
62093244,Violet,74
58236227,Beige,14
70790229,DeepSkyBlue,75
79625923,Sienna,66
32912875,DarkGreen,132
40105411,NavajoWhite,130
75957489,Lavender,14
36728230,Peru,136
68213410,White,71
25659557,PaleGoldenRod,2
91679332,FloralWhite,158
20787307,Orchid,11
77867968,Tan,84
31929932,GreenYellow,15
99191544,SpringGreen,166
51242843,OldLace,151
49667275,LightPink,165
32384851,Violet,195
81819471,Beige,135
15032909,DarkOrchid,194
28214757,Cyan,111
10334550,DarkSlateGray,157
72446666,DarkGray,12
12442709,OliveDrab,165
20320089,IndianRed,139
76412401,LightCyan,167
49383579,DarkTurquoise,165
64459748,Maroon,125
32444409,Cyan,196
91604929,LightYellow,46
69021308,Navy,9
90354075,OliveDrab,21
26832767,OrangeRed,28
87162604,Moccasin,160
62789001,Purple,171
94035144,WhiteSmoke,148
50141834,Wheat,48
64693386,Lime,97
73795227,GoldenRod,114
31028449,Ivory,116
56410709,Moccasin,16
73099418,WhiteSmoke,4
38851697,CornflowerBlue,186
88157867,Cornsilk,39
21627797,SandyBrown,137
51381638,Beige,148
38635991,HoneyDew,88
53316089,Wheat,169
93033708,CadetBlue,46
13023537,DeepPink,90
30137644,LightSeaGreen,188
17845061,Thistle,189
77278491,IndianRed,152
72085896,WhiteSmoke,125
99411634,LightGreen,48
85353146,PaleTurquoise,193
17545332,Lime,74
39543358,SeaGreen,167
28990856,LightSkyBlue,33
99608802,Tan,38
56835149,DarkSeaGreen,135
84703388,DimGray,139
60321747,Thistle,81
17277665,DarkCyan,157
64403772,Purple,40
31973690,MidnightBlue,165
47844912,DeepSkyBlue,186
20765684,PeachPuff,196
49625275,White,182
14093355,LightGoldenRodYellow,105
19679143,LightGreen,25
13314049,DarkGoldenRod,89
31907082,SaddleBrown,162
88865242,Tan,195
13182497,Plum,74
59479522,DarkSalmon,139
30423405,LightPink,47
77498484,DarkBlue,121
82207385,DarkSeaGreen,112
92114607,DeepPink,188
93772575,Cyan,42
37027530,GoldenRod,104
90272763,MediumOrchid,109
45644392,Moccasin,6
60928643,PaleVioletRed,135
82343886,Azure,37
97677213,CadetBlue,180
59549360,Aqua,129
39252679,DarkOrchid,161
60490353,AntiqueWhite,108
98317750,Chocolate,150
36359773,LightSteelBlue,80
26056080,Bisque,94
77636661,Tomato,108
26936077,MediumSlateBlue,88
51660281,Salmon,104
68775831,LawnGreen,6
38819449,Silver,179
13364461,IndianRed,106
39834623,DarkTurquoise,132
28234243,LightYellow,193
49210988,Blue,189
90354447,MediumSlateBlue,124
93723477,MediumPurple,21
18179719,Gainsboro,130
85080325,DarkOliveGreen,79
88683639,BlueViolet,182
11434859,Gold,54
47624296,MediumBlue,26
20692505,LightCoral,55
97612225,GreenYellow,103
65483700,Tan,172
58319169,DarkSalmon,116
67440076,MediumTurquoise,167
40460119,SeaShell,174
81002143,SlateGray,16
77018280,DodgerBlue,61
98461177,MediumSpringGreen,46
55150199,Khaki,73
86480405,DodgerBlue,97
43680469,DarkViolet,34
42937444,PeachPuff,150
71590657,MintCream,153
68129825,NavajoWhite,195
31962253,DarkRed,192
73721147,MediumSlateBlue,101
34967623,PaleGreen,141
84469733,MediumVioletRed,177
30004568,LightGray,64
40924139,Yellow,73
49028869,LightCyan,147
84313585,BurlyWood,173
64984619,MediumTurquoise,144
86472861,LightSteelBlue,178
98604840,MediumAquaMarine,124
12627893,DarkGreen,89
60875554,DarkSlateBlue,88
60478000,MediumVioletRed,33
77344700,Ivory,60
83036848,LimeGreen,122
68754041,PaleGreen,33
24754402,LightSalmon,89
93786415,SaddleBrown,8
68430674,LightGray,185
69346449,MediumOrchid,99
84006035,DarkSlateBlue,173
64017521,FireBrick,172
92265510,Chartreuse,162
97939938,Aqua,119
15398125,PowderBlue,6
87883334,Teal,165
72265791,Magenta,73
75836684,Gray,95
37817351,LightCoral,9
30866262,Azure,112
24773122,White,149
89131667,LavenderBlush,62
96850253,MediumTurquoise,121
17786951,Khaki,171
12841233,DarkOrchid,7
66145358,Navy,195
81110417,DarkMagenta,186
15596894,LightYellow,3
50184951,Violet,8
29649611,Aquamarine,136
56201435,GhostWhite,93
67262938,HotPink,164
37076610,CornflowerBlue,22
57983498,Plum,41
66652889,HoneyDew,153
16985616,DarkSeaGreen,79
77366997,MediumPurple,96
88530616,Brown,17
43259053,LightBlue,3
55294736,SpringGreen,100
69282328,Beige,69
84290135,Navy,87
44475594,PapayaWhip,7
29224190,SkyBlue,69
44264792,NavajoWhite,185
39735539,Lavender,69
42390384,RoyalBlue,67
63889171,SandyBrown,94
93547905,Blue,156
44072657,Magenta,86
41860999,LightBlue,124
18859009,OrangeRed,142
15317914,Gray,108
95976378,RoyalBlue,103
91237792,IndianRed,109
29754005,Purple,105
63538247,LightSteelBlue,168
22571323,Khaki,184
75782420,Maroon,95
97519469,Tomato,196
30269696,DodgerBlue,28
58492189,LawnGreen,94
92344388,DarkMagenta,19
82269591,LightSeaGreen,1
15647302,Thistle,2
43333377,Snow,84
53852539,Yellow,148
28855002,YellowGreen,6
26007306,DarkSeaGreen,92
15480372,Chartreuse,116
88359356,Beige,46
61973784,MediumBlue,114
56427064,Black,65
79215481,SkyBlue,46
68013419,FireBrick,162
60018395,White,103
81169023,SandyBrown,71
87208893,BlueViolet,126
54727717,Sienna,134
27016474,MistyRose,134
81461100,LightSlateGray,14
55057156,Thistle,123
56166077,LightSeaGreen,122
24011088,Orchid,43
51895581,DarkSlateBlue,19
21064142,PaleGreen,144
96337747,Navy,185
83876548,RosyBrown,25
50492729,OliveDrab,197
17885181,DarkGreen,56
71521625,DarkKhaki,129
35668954,Peru,60
24089120,Snow,61
67124368,SandyBrown,192
13532793,DarkRed,51
27250308,Linen,42
87786551,Coral,198
80569865,MidnightBlue,63
23517283,SlateBlue,89
19167254,Indigo,76
13522124,GoldenRod,61
33505516,MediumOrchid,66
71174890,MediumVioletRed,36
77672266,Ivory,63
62888367,DarkSalmon,181
82349468,CadetBlue,137
41170308,SeaShell,10
91473031,Pink,182
98880082,MidnightBlue,99
17217021,Gold,155
43385791,Gray,62
29522316,DarkSlateBlue,176
83753806,Plum,152
38994659,MediumVioletRed,121
50638405,Red,45
26037447,MediumSlateBlue,81
13511817,Gainsboro,87
91756674,LightGoldenRodYellow,39
43869379,Teal,168
60122156,Aquamarine,103
14664180,LightGray,44
88466362,NavajoWhite,31
29372885,LightSteelBlue,158
78559119,Khaki,174
36884937,SeaShell,131
65461952,DarkSeaGreen,46
31927037,DarkGoldenRod,59
78096833,Salmon,182
66018111,LawnGreen,84
37331939,Indigo,53
29789747,RoyalBlue,178
23030741,Ivory,40
79083357,PaleVioletRed,69
47814865,Brown,20
45355218,Beige,36
96133796,Pink,159
30426843,Magenta,17
56132782,DarkSlateGray,58
81448217,MintCream,110
20280356,Gray,39
47719880,White,93
77366132,Orange,73
53274774,Linen,140
90877333,Blue,123
53909243,Gainsboro,64
75934891,Sienna,124
92997208,Orchid,33
79715634,Moccasin,61
29898845,LightSteelBlue,135
80783843,Tomato,163
87817906,LightSalmon,190
74280581,DarkGray,34
67066362,Teal,1
77616730,Indigo,30
81335274,LightCyan,189
77995026,AntiqueWhite,199
67336412,LavenderBlush,127
71199626,Bisque,5
94228471,Gold,109
21590887,White,70
90182531,Maroon,183
19935153,AntiqueWhite,55
33322039,SandyBrown,38
34578506,MediumSlateBlue,35
88615932,Teal,122
74872409,GhostWhite,194
30088261,DarkSlateGray,71
92081708,Sienna,101
47679710,PaleGoldenRod,1
56812022,PeachPuff,120
43794663,NavajoWhite,165
18745807,Snow,172
56005634,SpringGreen,165
61100234,BurlyWood,107
36804964,Brown,118
66877619,DarkGray,191
93313847,DodgerBlue,152
26381559,DimGray,184
23840829,LightSalmon,167
99588678,DarkGoldenRod,13
34320990,Black,153
34463082,SeaShell,121
65608506,DarkViolet,125
63664948,LavenderBlush,104
66721748,Beige,170
22337697,PowderBlue,84
72728071,DarkGoldenRod,49
78822464,Navy,8
73637662,SeaGreen,104
42601727,Ivory,30
41364860,LightPink,56
56838112,LightGoldenRodYellow,150
34589579,Maroon,160
80549823,SlateGray,48
14834840,Chocolate,74
57675308,GhostWhite,171
77791613,FireBrick,142
62597497,Gray,29
75349615,BlanchedAlmond,135
65690663,DarkSalmon,184
22984236,LightPink,92
17142120,DarkGoldenRod,170
85813748,LightSteelBlue,89
85117284,Sienna,114
41610540,Gainsboro,54
71952286,Lime,132
90859836,Pink,5
50169442,FloralWhite,170
27504414,Azure,82
98597547,BurlyWood,120
45601882,WhiteSmoke,39
62806140,ForestGreen,148
82258977,LemonChiffon,148
76414783,MediumPurple,30
43609421,DarkOliveGreen,88
24604736,SandyBrown,172
75447626,DarkBlue,58
11989974,DarkOliveGreen,124
36471560,DodgerBlue,21
77627941,LightGreen,47
27248281,Wheat,24
87565907,MediumAquaMarine,156
64390275,PeachPuff,74
98782812,SkyBlue,3
93184381,NavajoWhite,119
83369865,LightPink,69
75851720,MistyRose,91
51622116,LightBlue,58
72164054,Snow,162
75312841,SaddleBrown,40
46116151,Red,25
57260523,Azure,59
57698784,Khaki,118
85292593,LightGoldenRodYellow,19
10040847,Bisque,116
38908382,MintCream,198
97538495,DarkCyan,192
80796711,NavajoWhite,11
17600535,PaleVioletRed,13
38176149,Gainsboro,152
76930738,Silver,57
53345028,WhiteSmoke,137
25646358,Wheat,37
82304321,DeepSkyBlue,77
66311805,BlanchedAlmond,125
67348838,Tan,50
28889831,DarkRed,129
35013530,MediumAquaMarine,25
15903731,MediumBlue,169
76824095,DarkCyan,169
98261601,DarkSalmon,30
59467314,Orange,138
19033849,ForestGreen,138
54520792,MidnightBlue,177
78487325,HoneyDew,77
68545805,LightYellow,192
25442892,Violet,17
56395831,DarkMagenta,195
81724276,OrangeRed,174
25680695,GhostWhite,53
83473767,DeepPink,79
12873604,DimGray,7
78557541,Gray,140
31584887,LightSlateGray,69
46364637,LightSkyBlue,166
23719760,RoyalBlue,135
61347158,PaleVioletRed,26
45332217,SpringGreen,24
25824175,Aqua,20
69058518,Cyan,198
75639356,LightGreen,37
61481278,DeepSkyBlue,54
40091915,Aquamarine,181
60494292,Orchid,134
30927095,DarkSalmon,151
16645908,DarkOliveGreen,199
49939946,MediumSlateBlue,15
59606448,DeepSkyBlue,90
20755098,BlueViolet,73
60309257,PaleGreen,55
49520741,Gainsboro,21
22188052,MediumAquaMarine,2
83999904,Lime,99
38587367,MediumOrchid,121
57614705,Orange,115
49322072,DarkViolet,69
62500261,Bisque,106
29550631,SlateBlue,180
56549604,OrangeRed,151
43020229,DarkGreen,3
25258823,OldLace,166
61683088,NavajoWhite,1
38487455,BlueViolet,194
87323773,DarkOrchid,29
84117261,DarkSlateGray,172
82439363,Tan,184
57468227,Azure,170
25910920,DarkTurquoise,0
86979810,MediumSeaGreen,86
85470827,PowderBlue,149
17081563,LightSlateGray,167
78143245,DarkMagenta,64
30328654,DarkKhaki,197
88618199,IndianRed,10
50579132,Linen,110
53344662,DodgerBlue,109
49088884,Gold,187
27977883,FloralWhite,150
97966749,Silver,168
58480044,Orange,128
57074134,LightGoldenRodYellow,71
60809990,MistyRose,179
52911308,Pink,70
86742455,DeepPink,69
50706012,LightSeaGreen,167
90964945,DarkKhaki,89
54087597,MediumBlue,15
66214374,MediumVioletRed,189
42216959,RoyalBlue,125
37294541,Azure,147
64840154,LightGray,76
52913132,Tan,161
28412275,FloralWhite,6
98607532,LightSteelBlue,190
29810082,SeaShell,163
38079615,Gainsboro,155
65032754,Cyan,188
14624234,SlateGray,5
60219507,SaddleBrown,164
29970431,Purple,163
34046845,WhiteSmoke,140
80242319,SeaShell,199
37496625,HoneyDew,188
55084996,DarkBlue,123
27750758,Linen,87
84143993,Pink,191
47583083,SlateBlue,134
13095405,OliveDrab,98
82500069,LightCoral,165
61787643,Fuchsia,35
87234213,DarkViolet,59
42202820,DeepSkyBlue,165
52176547,Sienna,156
27012204,CornflowerBlue,178
84733824,MediumSpringGreen,156
33640317,SkyBlue,104
27224385,GhostWhite,20
27511057,Gray,107
20959085,Fuchsia,71
97544989,Blue,191
81864458,Khaki,183
28814532,Gainsboro,132
31615252,MediumPurple,23
49741060,LemonChiffon,190
15971125,DarkMagenta,198
84979026,HotPink,176
76421201,MintCream,34
36850704,DarkOrange,100
87608348,DarkViolet,180
49305118,SeaShell,176
73346006,Linen,64
92480054,Blue,47
34421884,Teal,69
81820885,DarkOliveGreen,166
97524468,BlueViolet,40
75805156,Cornsilk,152
11872098,DarkKhaki,187
93211892,GoldenRod,83
49964923,MediumOrchid,88
45677288,Azure,16
44289899,Aqua,108
68491930,Khaki,75
70573993,LightSalmon,114
99632111,LightSeaGreen,121
48620789,OldLace,133
12447729,SandyBrown,106
79211997,DarkRed,194
75943518,MediumSlateBlue,103
92875238,Chartreuse,7
30024589,DarkOliveGreen,58
45983113,MediumVioletRed,179
29913217,Silver,14
52194169,Aqua,0
20327609,LightGreen,17
74691357,LightYellow,28
26387602,DarkGray,79
56711386,LimeGreen,88
65297125,LawnGreen,106
81713602,Thistle,14
99671002,LightCyan,5
86151009,DarkSeaGreen,104
76444688,CadetBlue,136
20245987,DarkGray,115
96075131,DodgerBlue,76
70981365,Bisque,50
33853867,LightSalmon,91
49046177,FloralWhite,117
44368515,Yellow,196
60631405,BlanchedAlmond,167
33244759,Aqua,121
89372932,MediumSeaGreen,174
10825508,LightYellow,149
62832560,HoneyDew,34
91989077,LightGreen,138
70428822,BlueViolet,138
22792274,Lime,164
87788342,Ivory,183
17098880,RoyalBlue,92
65362591,Chartreuse,20
79112169,Maroon,84
19516476,DarkOrchid,9
56116087,Blue,1
97418048,DeepSkyBlue,11
65111145,SaddleBrown,131
73358215,MintCream,24
66733128,Plum,43
68359373,DarkOrange,90
50300455,DarkViolet,170
98906780,DarkSeaGreen,81
91216098,LightSteelBlue,13
40351880,Teal,59
28117244,Chocolate,83
73851715,DarkMagenta,44
12386160,PaleTurquoise,175
89846204,LawnGreen,119
89421954,AntiqueWhite,77
50975511,DarkViolet,26
66603116,SlateGray,93
90532017,MidnightBlue,111
29518079,Gold,167
66765456,DarkSlateGray,93
44429024,LightSalmon,104
94666443,PaleGoldenRod,23
20560489,CornflowerBlue,145
81518223,SkyBlue,71
47468726,Orchid,32
96682417,Silver,148
30098259,OldLace,123
75584843,Fuchsia,38
88680252,DarkRed,184
64794719,Turquoise,187
90768275,Bisque,148
49003907,BlueViolet,151
63069545,Olive,72
98082389,Tan,141
34668602,Moccasin,96
47613738,BurlyWood,165
90555774,LightSteelBlue,170
18448672,AntiqueWhite,198
88014975,Maroon,97
33771900,SandyBrown,181
23422010,Magenta,173
53489510,Blue,14
70536330,Sienna,15
52894291,OrangeRed,0
96605836,Lavender,192
51502514,Thistle,4
63772043,LightSeaGreen,3
73666064,Yellow,150
64906450,YellowGreen,8
77002535,SpringGreen,79
37421143,MediumPurple,111
50043781,Turquoise,79
21225404,Pink,171
88161204,Wheat,69
66580555,Cyan,24
88572291,SkyBlue,48
49404359,FireBrick,164
39891353,NavajoWhite,164
58245126,OldLace,100
68740971,MediumSeaGreen,164
27801208,LightYellow,139
91770278,LavenderBlush,18
63747362,MediumSlateBlue,70
68366282,Tomato,90
65104185,Teal,157
56567447,PaleGoldenRod,36
91404253,DeepPink,26
69339182,Black,152
39542994,FloralWhite,192
84873748,GreenYellow,49
16487531,Tan,118
91936171,IndianRed,88
62726100,LightCyan,116
63811845,ForestGreen,170
96793273,Cyan,145
56471302,MediumAquaMarine,93
51637796,DarkGoldenRod,48
66441041,Aquamarine,128
65568703,WhiteSmoke,97
82995746,Ivory,29
42608346,LavenderBlush,139
24980224,MediumSeaGreen,56
10412844,DarkKhaki,167
55012701,Red,191
67504809,Silver,102
18492291,DarkViolet,16
15290093,Wheat,82
75859416,Salmon,63
26073022,DarkSlateBlue,178
68907825,DarkKhaki,23
77749961,Green,184
33069174,PaleVioletRed,179
52591288,DodgerBlue,164
11327556,LightBlue,116
49101512,Pink,40
51320691,Lime,167
78124149,SteelBlue,111
11034264,Thistle,138
47089180,Tan,131
69797881,Moccasin,86
15481035,Snow,40
67652951,SeaShell,133
55408552,HoneyDew,122
11634308,DarkBlue,57
30155922,Salmon,184
36100164,LightSlateGray,114
34952163,Teal,26
29692394,Orchid,143
28072904,MediumVioletRed,15
18204599,MediumOrchid,45
15469842,MistyRose,90
26963307,HotPink,25
43655940,LightSeaGreen,78
39496225,Plum,131
86358406,SandyBrown,63
34825892,DarkTurquoise,68
98908845,LavenderBlush,8
86277981,MediumTurquoise,67
25908377,PaleGreen,100
73687428,SlateBlue,189
21763866,Cyan,99
67316637,Peru,196
80590512,MediumOrchid,166
82257625,MediumVioletRed,136
30683043,Red,60
37865973,Ivory,163
76527860,PaleVioletRed,192
87875323,DarkSalmon,52
26253077,Purple,74
27102788,BlanchedAlmond,3
71978222,WhiteSmoke,51
97599344,Beige,159
29610285,Aqua,186
34831106,NavajoWhite,10
51938037,Coral,154
70985771,DarkGray,36
97291486,GhostWhite,75
16862972,IndianRed,163
78606188,DarkSeaGreen,61
43388976,LightGoldenRodYellow,139
31183591,Khaki,9
89350236,AntiqueWhite,21
23028874,PaleGoldenRod,147
77201337,Turquoise,46
76464394,GreenYellow,160
15296766,LightSeaGreen,55
71788290,BlanchedAlmond,124
84907557,LightCyan,47
96977867,DarkViolet,6
38517270,Wheat,72
17766542,Tomato,57
42287668,Sienna,103
59003922,MediumSlateBlue,37
63731866,MistyRose,103
22008882,Snow,174
46263780,YellowGreen,96
66439651,DarkBlue,191
58048452,SeaShell,87
65129971,Chocolate,184
57420443,Turquoise,167
77537074,LemonChiffon,137
72006097,Olive,52
13720719,GhostWhite,52
40530208,DarkKhaki,98
22988521,LightSkyBlue,165
96836684,Lavender,136
94424829,Purple,87
99055571,MediumSeaGreen,23
57972571,DarkOrchid,51
91830903,PaleGoldenRod,124
71927763,LightSlateGray,104
36204576,Cornsilk,99
51896508,DimGray,42
97760192,LightSalmon,25
97606883,LightPink,58
64422567,AntiqueWhite,34
23388398,ForestGreen,29
50370889,Blue,79
35649547,BlueViolet,72
47641766,Indigo,130
60268706,GoldenRod,115
40500699,Silver,105
64732553,DarkRed,141
62676177,RosyBrown,151
86260235,DarkGray,170
47486824,Turquoise,144
99603870,Teal,137
61895473,Black,132
73945807,Aquamarine,72
11427765,FireBrick,0
28466587,Aqua,176
92394069,Snow,7
44030622,WhiteSmoke,41
65576630,DarkOrange,24
35905489,Orange,150
55893975,LightGreen,193
11032873,Wheat,170
54277363,Beige,149
92612124,SkyBlue,149
57672277,Indigo,22
63672355,Orchid,110
15998087,Cornsilk,76
39021718,GoldenRod,7
30731408,LightPink,35
38679834,ForestGreen,6
88718445,Tomato,11
54319763,MistyRose,57
81785384,Red,171
10344347,Brown,74
62707843,Gainsboro,33
74610351,Bisque,82
61498825,PaleGreen,67
20324111,BlueViolet,85
12897697,MediumAquaMarine,14
54409793,Lime,111
30307475,Thistle,82
96597694,HotPink,77
25079177,FloralWhite,149
20868800,YellowGreen,86
56983911,MediumTurquoise,70
18371716,DarkOrange,1
43656185,AntiqueWhite,132
16330792,Turquoise,157
20280142,WhiteSmoke,18
26472489,Magenta,107
55706740,Salmon,128
32221849,Aquamarine,85
81383117,LimeGreen,12
85563903,DarkGreen,15
92706949,Snow,20
56411345,PaleGoldenRod,114
29047040,DeepPink,104
34553266,LightSalmon,15
90951631,CornflowerBlue,56
51860013,FloralWhite,41
90174247,GreenYellow,127
49796017,LightGray,111
87399704,DarkSalmon,140
97646585,Olive,163
41786935,DarkGray,124
32228817,MistyRose,70
27380126,Snow,141
59590845,White,75
47489470,MediumOrchid,110
86991238,DarkSeaGreen,149
70060599,MediumTurquoise,47
44178431,DarkOrchid,162
38732380,ForestGreen,104
23605554,LightBlue,73
60018851,SlateBlue,169
34335237,Coral,98
60463017,LightSalmon,136
57396180,MediumBlue,171
56865945,AntiqueWhite,145
26832664,Gainsboro,131
33048837,DarkSlateGray,161
49417841,Sienna,191
69732901,LimeGreen,25
69218394,Pink,82
84569483,SlateBlue,25
90937009,LightSkyBlue,168
43910472,Azure,159
23976721,DarkSalmon,117
19027757,SpringGreen,26
68960903,OldLace,11
31579649,PowderBlue,138
53888939,Navy,13
43341542,MistyRose,47
48768487,DarkBlue,135
21511532,MediumPurple,143
33177276,RosyBrown,118
29469455,MediumAquaMarine,4
58675497,Lime,101
56887136,Fuchsia,47
93017706,PapayaWhip,54
21512906,Olive,32
60798378,OliveDrab,146
19656342,Salmon,118
36069533,PaleGoldenRod,68
47950946,LightSlateGray,48
28361781,CadetBlue,50
50131122,Bisque,193
20022537,DarkOliveGreen,93
69968647,SaddleBrown,153
16370979,OrangeRed,9
32715191,OliveDrab,2
33061234,GreenYellow,117
65503910,Tan,186
11377392,NavajoWhite,88
48724414,LightSlateGray,169
27848935,DarkSlateGray,30
84020498,LawnGreen,141
54376559,MediumSpringGreen,60
43650067,Snow,131
56858768,Plum,101
71595401,SaddleBrown,9
10141027,Peru,130
84581492,BurlyWood,66
57406739,Violet,153
27548641,Orange,94
64499362,SlateGray,115
69344435,Wheat,114
42915923,Tomato,99
82082769,PaleTurquoise,53
69461743,White,150
18631767,Aqua,156
11735472,WhiteSmoke,21
62703624,Sienna,181
76658728,DarkSlateGray,151
16249493,LightGoldenRodYellow,73
38909462,Salmon,131
59797765,SlateBlue,15
88849596,RoyalBlue,127
32928044,FireBrick,65
60223253,Chartreuse,55
69701904,Maroon,119
11915938,DarkViolet,169
15943534,PaleGreen,191
78706977,LightYellow,40
73993750,PapayaWhip,152
93526916,AliceBlue,52
91443596,Black,53
23937815,LightSeaGreen,25
50021560,SeaGreen,148
43129199,LightSkyBlue,14
94587471,WhiteSmoke,142
99651310,Azure,5
46248905,MediumSeaGreen,101
13613295,PaleGreen,47
22656605,LightBlue,40
27612070,GoldenRod,108
11536926,FloralWhite,129
73196517,Moccasin,10
64604688,SpringGreen,137
15229027,Lavender,70
48782373,SeaGreen,4
19908368,SandyBrown,95
99811559,Sienna,158
44594667,PeachPuff,177
51556527,AliceBlue,173
99903486,LawnGreen,10
14982789,SkyBlue,106
58664915,Gray,109
91637918,Lavender,106
19948089,Plum,199
42692688,CornflowerBlue,0
54868310,Tan,140
51173311,LightCoral,23
20548286,Silver,3
80036760,Gainsboro,134
86415798,LightGoldenRodYellow,86
24555942,ForestGreen,192
36584374,MidnightBlue,2
41598584,DeepSkyBlue,23
42842497,Aquamarine,150
67546790,Fuchsia,158
36048029,LightSeaGreen,2
22225490,Plum,55
76476510,DarkOrange,102
73335035,SeaShell,178
79963741,PaleVioletRed,80
43885756,LavenderBlush,161
98956168,DodgerBlue,65
83821281,DeepPink,169
17789311,OliveDrab,77
57551195,BurlyWood,56
32447858,Aqua,110
70706014,DarkOrchid,142
95533770,DarkViolet,38
73356746,LightPink,113
82370128,LightGreen,127
58346285,MidnightBlue,123
36234804,Cyan,59
27691471,Coral,78
55911885,SkyBlue,83
30596999,OldLace,135
71863868,MediumSeaGreen,199
16757621,BlueViolet,163
97183056,Turquoise,199
82935960,AliceBlue,186
74195430,PaleGoldenRod,71
98162263,YellowGreen,164
30277348,Green,62
39194395,Bisque,196
65998530,RosyBrown,62
30777636,LightGreen,19
90044913,PapayaWhip,142
87960740,LimeGreen,90
52963643,LawnGreen,108
55302454,DarkGreen,93
95392630,MediumVioletRed,37
71478399,DarkBlue,115
44626343,LightGreen,104
94150556,Cyan,36
68700462,PeachPuff,131
46856584,CornflowerBlue,134
22093790,Chartreuse,166
95271365,LightPink,126
56761590,Blue,147
97224097,Teal,169
25372433,MintCream,170
66983474,Black,164
85348621,Azure,116
31399037,Tan,130
31894483,Yellow,54
62039400,Maroon,86
98109288,Coral,176
35558391,GhostWhite,97
22568596,LawnGreen,85
19345087,PaleTurquoise,141
18844929,MintCream,26
89443469,DarkSlateBlue,69
79362080,DarkSeaGreen,83
33624684,LightSteelBlue,15
30834784,Khaki,31
55387490,Brown,21
11333859,DeepPink,159
83363183,Pink,160
37884863,LightSlateGray,149
98924200,Coral,32
64037518,GreenYellow,182
78007011,SkyBlue,37
12705249,HotPink,24
36293318,DarkViolet,28
87088859,MediumSeaGreen,153
12956550,MidnightBlue,113
59602858,Magenta,54
79642824,DarkGreen,191
31997962,Orchid,34
20054347,Gray,76
47610506,YellowGreen,118
12289010,Brown,142
88324565,LightSteelBlue,136
60839793,CadetBlue,7
74677339,Cyan,134
54589235,Lime,179
33244982,LightBlue,128
65456909,Gold,25
88342484,GreenYellow,74
66653086,Moccasin,98
32933366,DarkViolet,149
71564805,PaleVioletRed,47
95407354,GhostWhite,110
64409232,LawnGreen,98
41660481,YellowGreen,10
45388218,DarkViolet,5
40497776,OliveDrab,80
52837639,LightCoral,147
52990224,CornflowerBlue,124
89757643,OrangeRed,87
84602737,DarkCyan,118
15689921,Silver,127
34175907,OldLace,102
16532841,DarkOrange,190
75905855,LightPink,116
10147142,Yellow,8
13995385,IndianRed,54
75859986,DarkRed,163
95798818,Purple,1
23109712,MediumSlateBlue,72
75901670,BlueViolet,130
82409986,LightGoldenRodYellow,30
76186399,DeepSkyBlue,147
68132290,LightBlue,105
80665781,DeepPink,28
42321527,Pink,29
59551489,Black,154
88717197,FloralWhite,194
71722866,HotPink,122
70015961,Gold,2
99210349,SaddleBrown,87
18447375,Tan,120
15162030,YellowGreen,131
33651833,LightCoral,3
35455626,Green,29
62017493,Purple,86
41682971,AntiqueWhite,177
20951119,Maroon,76
94328024,HoneyDew,111
66935523,LemonChiffon,172
32317549,DarkGoldenRod,50
79753119,DarkSlateGray,193
89878591,Olive,87
37822571,Salmon,173
86654013,Gray,174
63939916,DarkGreen,60
48850179,FloralWhite,50
81846122,CadetBlue,105
45189707,LightSlateGray,139
45817708,LemonChiffon,28
95167711,Cyan,3
60133226,OliveDrab,57
23288225,Crimson,17
46733465,FloralWhite,86
98024631,HotPink,14
61571675,Yellow,165
21495517,Orange,64
23056439,DarkSeaGreen,158
63237198,SlateGray,85
70866890,DarkTurquoise,57
72621069,Linen,131
36271712,Sienna,115
74984744,LightSeaGreen,103
47062698,MediumTurquoise,92
65773284,Gainsboro,91
49948038,ForestGreen,149
57942010,Cyan,124
68284526,RosyBrown,6
86334528,PowderBlue,62
17552202,PaleTurquoise,108
87390896,Snow,42
86324470,Ivory,8
40954418,Beige,184
23098090,Orange,185
25923682,PowderBlue,98
12372145,Turquoise,35
28744544,Pink,127
48624843,MidnightBlue,44
43287520,PaleGoldenRod,136
70129848,DimGray,54
17014663,Lime,25
86172022,SteelBlue,198
82654473,DarkKhaki,146
39306607,Ivory,44
65247937,FireBrick,120
78632464,SlateGray,62
35430979,Olive,185
28570422,DarkSlateBlue,157
27642739,LightSkyBlue,69
51231164,Azure,60
34182987,MediumSeaGreen,156
97115394,Blue,127
47178461,Maroon,30
25297969,DimGray,175
88390721,LightSalmon,158
57385973,Green,19
82556717,FireBrick,12
35994634,Purple,76
27969837,LightSteelBlue,139
35133507,HoneyDew,101
90652367,Tomato,167
20522651,GhostWhite,77
71399905,AntiqueWhite,23
14488525,Khaki,11
77918923,Turquoise,48
52773113,Orange,18
29006142,Gold,113
43052828,AliceBlue,84
52117734,LightCoral,114
64837434,LightSeaGreen,57
36456868,RoyalBlue,15
75346527,DarkTurquoise,47
92931623,MediumPurple,165
95666284,Blue,104
44233147,DodgerBlue,120
89838524,PaleGoldenRod,5
28885407,FloralWhite,161
63049643,Ivory,142
57176700,MediumOrchid,145
46961733,PaleVioletRed,171
27436205,BurlyWood,111
34951142,MediumTurquoise,82
81341318,LemonChiffon,139
15526575,Coral,133
89591512,OliveDrab,168
59830070,SkyBlue,138
38136072,Fuchsia,105
48128841,NavajoWhite,25
80823939,MediumOrchid,1
61483995,SandyBrown,163
92132993,DarkTurquoise,168
25336423,Violet,54
89155481,MidnightBlue,34
57997247,Gold,90
82734419,DimGray,44
58759019,MediumBlue,62
25381417,DarkCyan,62
88758796,DarkSalmon,152
74717925,LightSkyBlue,23
84399341,FireBrick,110
73264759,BurlyWood,3
13818386,AntiqueWhite,36
21272810,DarkRed,107
54087582,PapayaWhip,197
21229699,Gainsboro,22
31660805,LimeGreen,145
58406145,BlueViolet,74
63659764,AliceBlue,97
48738192,MediumSpringGreen,82
31704588,MintCream,104
91709254,LightSeaGreen,70
96598355,Red,16
70369260,RoyalBlue,28
90740414,Tan,64
56803981,MediumVioletRed,92
80719959,DarkRed,143
11918749,Linen,134
63307639,CadetBlue,193
14896042,Black,134
67841496,OliveDrab,145
48926906,HotPink,102
87064816,Fuchsia,82
95282411,SpringGreen,182
40589813,FireBrick,2
65349261,Orange,152
33579418,PaleVioletRed,4
30485767,SlateGray,173
27447122,DarkTurquoise,145
23235147,Tomato,157
84518139,RosyBrown,9
24849988,PaleGoldenRod,103
67563319,Indigo,24
69580366,Yellow,109
29765215,Silver,48
77133815,MediumTurquoise,180
65293023,Chartreuse,77
54026592,SlateGray,29
49402588,LightGreen,51
61982356,LightYellow,62
82609062,DeepSkyBlue,68
53939183,Coral,2
82014928,SaddleBrown,188
23928851,DarkMagenta,65
84372683,OrangeRed,44
56423293,MintCream,81
75371314,BlanchedAlmond,116
43283712,RosyBrown,130
98435699,MediumTurquoise,36
79868378,LimeGreen,158
19523714,DarkGreen,161
93547306,GoldenRod,130
28559390,Crimson,82
41649692,LightCoral,189
82194147,CornflowerBlue,166
65835374,GreenYellow,8
83809316,OldLace,144
79256555,Orange,129
93836779,ForestGreen,129
15354143,Magenta,109
45743606,LightSalmon,161
70429535,DarkGray,5
95664079,Salmon,130
79497149,AliceBlue,195
25239077,MediumTurquoise,157
60557314,MediumPurple,47
80576495,DarkOrchid,43
25767550,LightGoldenRodYellow,108
23779664,OliveDrab,14
61790414,IndianRed,168
22549605,SandyBrown,9
56314448,DarkTurquoise,14
28984484,Blue,71
62021092,Magenta,1
39297663,AliceBlue,87
72827652,NavajoWhite,136
90944503,Snow,143
99137304,SaddleBrown,21
12865812,Ivory,109
39175519,CadetBlue,183
29129154,PapayaWhip,43
46225958,MistyRose,157
49119299,SaddleBrown,57
73362295,PaleTurquoise,65
63603440,DarkCyan,173
71125844,White,162
12223308,LightPink,171
11279805,SandyBrown,130
42417366,HoneyDew,81
88591520,Magenta,122
20570287,Gainsboro,133
49248007,DarkOrchid,20
47382425,MistyRose,193
99635894,PapayaWhip,79
47915881,MediumSpringGreen,193
71192610,LawnGreen,45
58254788,DimGray,11
60595266,Moccasin,130
79313567,GreenYellow,106
94405358,MediumOrchid,4
24344645,BlanchedAlmond,70
64440098,Maroon,131
46280957,AntiqueWhite,3
70016068,BlueViolet,41
13093882,LightGray,126
39180694,Blue,84
39833529,LemonChiffon,83
82067947,LightBlue,52
35915469,Black,101
72221706,Aquamarine,41
57139434,OliveDrab,112
74337923,FloralWhite,141
56591791,Tan,67
98313373,Silver,159
97462850,Aqua,145
34744154,SandyBrown,107
60499572,SeaShell,69
95079337,HoneyDew,58
28632027,LightYellow,173
32269619,ForestGreen,119
43209093,Magenta,99
69098526,SlateBlue,4
96158287,Gray,121
69889998,DarkKhaki,80
78215777,CornflowerBlue,12
96350850,GreenYellow,83
59280572,MediumTurquoise,147
58928024,Khaki,197
99084457,DeepSkyBlue,35
34410340,SaddleBrown,155
27254953,AliceBlue,41
67847976,CornflowerBlue,48
36616140,Moccasin,143
53600421,Green,97
28140095,Snow,97
55017319,DarkSlateBlue,91
67523159,Thistle,51
94274909,SpringGreen,126
52308076,OldLace,111
26059980,DeepSkyBlue,156
23524473,MistyRose,147
84339913,LightCoral,192
30647556,CornflowerBlue,169
43176913,Gray,98
49557205,Fuchsia,62
35369218,Linen,199
82134957,Brown,164
98334960,CadetBlue,29
51945038,Gainsboro,123
84577930,Chartreuse,21
95356800,DarkMagenta,189
47798698,MediumAquaMarine,104
92797986,Gold,47
22738982,Orchid,92
37487492,FloralWhite,10
14358973,Red,117
79524120,DarkSlateBlue,68
14807073,DarkSalmon,109
30752261,Purple,131
18352076,DarkViolet,171
20363468,Blue,38
95184223,DeepSkyBlue,48
37744673,Sienna,39
41961713,GhostWhite,132
15287330,MediumSpringGreen,39
97474155,Thistle,28
52739544,DarkSeaGreen,118
81307117,LightGoldenRodYellow,196
26852428,Cornsilk,179
94922812,MistyRose,124
28516628,PaleTurquoise,32
26363724,FireBrick,188
72653660,LightPink,138
58137773,WhiteSmoke,0
39873154,Beige,108
43309813,DarkRed,185
51261357,MediumSeaGreen,188
79686003,SeaShell,59
39108051,Sienna,160
39782623,LightSlateGray,40
14421650,MediumSpringGreen,160
27211812,LightSkyBlue,137
19971288,CornflowerBlue,2
89905846,YellowGreen,153
57710280,DarkGreen,82
38439066,Snow,87
46785958,BlanchedAlmond,73
73673639,PaleVioletRed,82
72164684,PowderBlue,143
31741092,DarkGray,106
82559360,Khaki,43
23460985,MidnightBlue,89
16295090,Cyan,25
38981446,Cornsilk,156
66603752,DimGray,99
85135766,LightBlue,19
98415978,SaddleBrown,1
40649426,MediumOrchid,92
43097029,Tan,34
10478866,YellowGreen,45
56752299,Fuchsia,16
40292370,SlateGray,107
64819270,PapayaWhip,23
13550954,DarkMagenta,143
79058497,Silver,162
57601737,SeaGreen,19
21489025,DarkRed,198
56169570,Linen,189
36536173,MediumTurquoise,114
54775902,LightSteelBlue,148
12023052,Chartreuse,11
30711905,DeepPink,63
45908077,DeepSkyBlue,2
38162720,SaddleBrown,122
39269821,LightCoral,38
44267822,MintCream,15
41817402,Snow,64
59069918,DarkOrange,81
13843008,HoneyDew,146
21050925,MediumSeaGreen,57
64837649,DarkGoldenRod,85
68905692,Teal,50
59277488,Black,45
71253902,FloralWhite,85
74881160,Plum,70
34567345,PaleVioletRed,95
79049487,BurlyWood,35
59101759,Chartreuse,132
67665595,AntiqueWhite,68
81250236,SeaShell,13
71907897,ForestGreen,63
78219628,Wheat,83
28184755,HoneyDew,2
84769349,MistyRose,114
13857309,OrangeRed,99
26051708,RoyalBlue,60
82100853,Orange,99
47056591,DarkSeaGreen,193
30522272,DeepSkyBlue,159
75947280,DodgerBlue,165
34021249,PeachPuff,169
17723119,Gray,101
82332467,Red,84
47320213,Tan,132
86607118,WhiteSmoke,75
43949475,Chartreuse,24
45165570,SeaShell,134
10317385,LightYellow,9
40708051,Blue,5
36923698,MediumSpringGreen,6
40936949,Fuchsia,150
18543270,Black,22
31627953,Yellow,141
70829877,MidnightBlue,79
51825725,Cyan,15
68334663,Gold,135
53817409,Orchid,180
65710567,Crimson,29
67277801,Thistle,31
92507674,DarkKhaki,1
41214083,LightPink,105
92836454,DarkRed,152
34082228,RosyBrown,162
92365021,Tomato,81
41095606,DeepPink,17
60813466,LightSeaGreen,115
68301734,DarkKhaki,37
47840748,Gray,78
76953913,MediumVioletRed,137
31825663,NavajoWhite,191
30603287,PaleVioletRed,193
19240089,LightCyan,107
70755144,Green,18
13538644,LightGoldenRodYellow,55
92051119,PowderBlue,74
46207331,Aquamarine,119
75845137,Moccasin,100
93463400,SandyBrown,185
42389952,DarkSeaGreen,62
91589835,PowderBlue,110
42489792,Coral,191
12908074,PapayaWhip,134
80804382,Blue,18
72175754,Magenta,177
84379547,Lime,37
80552869,DimGray,66
72174226,Orchid,157
85970470,GoldenRod,54
84223923,Yellow,154
21008217,DarkSalmon,174
54993366,Aqua,79
65058026,RosyBrown,139
85559651,DarkGoldenRod,160
26422910,Tomato,58
97658252,MidnightBlue,92
44041279,LightSalmon,85
25764503,DeepSkyBlue,113
18537049,DarkSlateBlue,169
10182520,RoyalBlue,50
21049660,DarkBlue,192
46575442,RosyBrown,175
77227444,DarkGray,194
76102997,DodgerBlue,155
81346430,Bisque,129
77192065,Cyan,113
70764091,Lime,158
73543908,SaddleBrown,89
86045115,LightCoral,5
45091498,NavajoWhite,24
75753570,DarkSlateBlue,25
57914242,DarkOrange,48
20350369,DarkViolet,128
76068966,Khaki,167
13273954,SlateGray,195
16794170,LemonChiffon,174
65954727,Linen,12
93025150,MediumPurple,56
18138892,Maroon,78
78692153,Teal,17
93211689,DarkGray,50
24921470,SkyBlue,173
45431816,DarkKhaki,135
70846699,Lavender,173
90960822,RoyalBlue,171
37092595,Ivory,33
96327873,MediumSlateBlue,195
47520312,Maroon,163
30389103,FireBrick,145
83848135,DarkOrange,169
53952574,LightCyan,61
52019198,MediumSlateBlue,51
34817035,DimGray,164
28298596,Indigo,167
72613007,LightSeaGreen,105
39410541,Snow,188
45043632,Yellow,23
30626135,WhiteSmoke,42
68972975,Khaki,144
51023798,Beige,150
39671957,DarkGray,27
48180892,Crimson,140
74114808,Moccasin,90
31597010,Lavender,150
61317660,GoldenRod,8
35100637,Orange,187
98608473,Ivory,10
21662378,DarkTurquoise,180
87056074,Yellow,108
21021027,MediumPurple,69
93657456,Khaki,0
93231130,LawnGreen,90
86073764,Orchid,147
90452810,Coral,1
28395788,OliveDrab,36
58537790,BlanchedAlmond,115
90021111,DarkMagenta,100
92809170,PeachPuff,113
19055948,MintCream,116
52122657,MediumSpringGreen,94
88563330,SteelBlue,56
64974853,DarkSlateBlue,159
46245756,Green,165
20217016,YellowGreen,87
81697269,PaleVioletRed,160
91299540,IndianRed,46
27824338,Brown,111
91860450,Maroon,32
52811835,Chocolate,175
71301005,DeepPink,20
98497092,Coral,122
42856001,SteelBlue,92
19849211,Crimson,117
27713741,YellowGreen,123
42037906,BurlyWood,136
85394382,SlateGray,185
80953920,LavenderBlush,97
27079690,RosyBrown,21
77630512,Salmon,165
63315305,SlateBlue,49
86439960,LightSkyBlue,192
90178524,Snow,57
82564623,IndianRed,167
87677035,DarkSalmon,141
46375471,Maroon,153
16740775,ForestGreen,20
23516798,MediumSlateBlue,5
91299903,Snow,142
71792579,BlanchedAlmond,128
29179461,LightSkyBlue,48
78446487,PaleVioletRed,137
67859500,LightCyan,51
82719185,IndianRed,23
35054403,Linen,123
31918634,Magenta,36
49711710,HotPink,91
18489942,SaddleBrown,56
45538171,MediumOrchid,147
98451060,DarkOrange,15
15809796,Maroon,45
70441303,Bisque,132
53768861,PapayaWhip,78
23754459,PaleTurquoise,100
20966779,Fuchsia,107
95743001,SeaGreen,74
93148124,MediumOrchid,3
55215989,Red,162
93920803,DarkCyan,64
71349498,AntiqueWhite,38
77841280,SandyBrown,21
11903353,DarkSeaGreen,127
39168572,DarkTurquoise,26
58806902,MediumSlateBlue,18
37457412,DodgerBlue,99
67859292,BlueViolet,76
18397012,Magenta,13
81188334,Salmon,34
27556149,Indigo,134
37214126,OrangeRed,69
76601009,Plum,125
94214943,MediumVioletRed,94
32540513,LightSteelBlue,95
24603718,Turquoise,148
31302002,LightPink,183
74835122,Orange,154
96469817,SeaShell,104
64712072,Purple,68
70627598,Violet,33
67707209,LightGoldenRodYellow,97
75641301,Pink,96
57531465,RoyalBlue,151
66512832,YellowGreen,198
22050757,Silver,50
43009617,SeaShell,189
68890413,Maroon,143
15566601,DarkGoldenRod,117
22051171,MidnightBlue,49
57335366,Blue,60
20918809,BlueViolet,53
41060801,Pink,132
80062632,DeepSkyBlue,70
77787615,Lime,79
29648480,DarkGreen,127
46334551,Peru,131
65351511,BlanchedAlmond,118
34570842,Plum,102
74965076,Azure,29
65254160,DarkRed,122
18236301,Lime,115
40369807,GoldenRod,132
14424065,FloralWhite,153
73424210,Black,113
72555277,WhiteSmoke,22
38994073,SandyBrown,119
18953168,DarkViolet,85
55069116,LemonChiffon,131
72822690,PaleTurquoise,90
62412289,Indigo,3
88829085,Fuchsia,97
94262805,Orchid,91
60031254,Lavender,130
61590407,DarkTurquoise,160
43627470,SlateGray,8
22532775,Red,152
24114031,DarkSalmon,144
30942088,DarkOrange,126
33374511,White,43
21874563,Linen,90
45790976,Lime,92
66354431,GoldenRod,109
73139061,FloralWhite,130
36206176,MediumVioletRed,84
75838058,MediumOrchid,114
82803552,Navy,125
56597812,SlateBlue,173
88878168,LemonChiffon,108
40270657,DarkSlateGray,129
79353369,MidnightBlue,147
94197743,PeachPuff,178
28178590,Gray,110
30264546,DarkTurquoise,137
54575278,LightGreen,187
74411381,Brown,176
35417998,RoyalBlue,141
42387143,LightGray,92
61576110,DarkViolet,183
25737238,PowderBlue,142
17209676,Wheat,20
50996483,DeepSkyBlue,60
65551099,LimeGreen,114
62588719,DarkSlateGray,21
43425855,DimGray,98
12810556,Indigo,101
89862939,Thistle,40
75830800,Plum,92
22794051,WhiteSmoke,156
27132166,MediumVioletRed,61
33321109,DodgerBlue,102
89483967,Bisque,76
35033832,PaleGreen,61
58684746,Cyan,60
90048190,DimGray,134
96681903,Thistle,76
23397456,SkyBlue,84
31423097,DarkTurquoise,114
93971515,Thistle,161
42169894,SeaGreen,54
51819713,MediumVioletRed,182
84328667,Maroon,110
16356870,PowderBlue,119
85099584,RosyBrown,63
24819705,GhostWhite,121
58542498,Thistle,197
41950763,MintCream,50
18918551,Tan,10
75853665,HoneyDew,181
15753583,Linen,80
95376523,Brown,45
92974930,LimeGreen,127
41623220,DeepPink,183
36096174,FloralWhite,120
54779077,Thistle,53
28399018,Ivory,101
53798749,LightPink,127
25994663,MidnightBlue,137
67004741,DarkOliveGreen,38
58594092,LightSalmon,130
42584959,Aquamarine,56
76736310,IndianRed,101
15359906,MistyRose,5
95645495,MediumBlue,21
31511883,DarkCyan,21
54126041,Aqua,16
89809001,DarkBlue,93
50033276,MediumSeaGreen,69
43050819,Blue,40
90445401,DeepSkyBlue,50
62221994,PaleTurquoise,178
43398896,DarkKhaki,180
63734090,Black,57
73797384,DodgerBlue,92
56361172,Turquoise,105
11180024,Bisque,66
32650437,SlateBlue,140
64452022,LightSalmon,107
59030630,Chartreuse,180
88955014,DarkTurquoise,104
48855714,Linen,178
19938502,Brown,143
43885134,BlueViolet,154
11447042,PeachPuff,181
36416927,GoldenRod,197
86008484,LightSeaGreen,150
59457856,Azure,130
11698905,LightGray,59
16012811,DarkSalmon,88
48187714,Silver,7
54725609,SeaShell,146
10853138,PaleGreen,172
49077121,PowderBlue,109
99568614,Crimson,185
12638529,PeachPuff,37
93015795,MediumVioletRed,28
56207444,SpringGreen,82
94665094,PaleVioletRed,84
95592825,BurlyWood,24
31431426,MediumPurple,114
21217447,Turquoise,82
76468976,Black,70
72354621,Silver,128
96239169,Orange,88
93574112,SandyBrown,76
44257530,SlateGray,109
56868099,Sienna,139
10828938,LightSeaGreen,127
52319144,Thistle,128
85790801,Chartreuse,13
51260180,CadetBlue,21
76284522,GhostWhite,88
90098556,SaddleBrown,124
48248727,GreenYellow,88
59859763,White,0
80381366,DarkViolet,163
96114478,HoneyDew,10
79083450,GhostWhite,124
19958837,LawnGreen,112
37364255,DarkMagenta,37
11814606,Indigo,81
43767031,SeaGreen,142
81578742,HotPink,15
13536769,Crimson,18
27385870,DarkCyan,96
89294795,DarkViolet,19
38213012,HoneyDew,4
67702891,LightYellow,119
66075111,DarkSlateGray,86
24283414,Crimson,54
11916454,DarkSlateBlue,181
55310010,Fuchsia,31
64754327,DarkRed,177
87336708,PaleGoldenRod,52
29519503,OliveDrab,179
53040843,Ivory,189
80917293,LightGray,49
98254702,IndianRed,104
50213348,DarkSlateBlue,37
91316941,BurlyWood,158
84374891,Khaki,179
85300751,DarkSeaGreen,51
21467374,Tomato,191
83095127,HoneyDew,161
73544696,Brown,25
46427096,Orange,42
49826777,DodgerBlue,59
59242015,Chocolate,89
17615027,Bisque,33
98484120,LightCoral,138
50216961,DarkSlateBlue,158
57652913,WhiteSmoke,198
36877882,LightGreen,121
44093147,Blue,128
70666131,DodgerBlue,144
77593327,Black,145
13065133,IndianRed,81
63001061,Maroon,67
94426385,Gainsboro,105
49315975,MediumSeaGreen,13
15447430,MediumAquaMarine,86
87061770,Olive,78
85936501,Gold,29
17654278,Aquamarine,121
17873332,SaddleBrown,114
99956030,AliceBlue,0
71816961,Indigo,35
72048513,GhostWhite,78
36218087,Fuchsia,129
44426925,DarkKhaki,124
50722214,DarkBlue,73
10597094,MediumSeaGreen,49
58667362,Linen,37
72865596,Violet,78
67993026,LimeGreen,84
69840403,LawnGreen,102
50634240,DimGray,68
55266230,OliveDrab,48
12348680,CornflowerBlue,92
68576032,Crimson,8
10790104,GreenYellow,163
46496486,Chartreuse,124
62553208,LightPink,84
88387519,Beige,54
22722267,DarkTurquoise,48
23725542,Blue,105
99584755,DarkSlateGray,76
69092406,AliceBlue,121
77259765,OrangeRed,91
96604474,Orchid,15
90878956,BlanchedAlmond,163
56812101,White,111
92018596,YellowGreen,99
60872010,DarkRed,167
73670440,Bisque,131
95929777,DimGray,189
32713748,DeepPink,32
79178191,Ivory,179
81978948,YellowGreen,135
17376136,MediumOrchid,182
57532172,DarkSlateBlue,27
67484350,Plum,3
73849746,WhiteSmoke,67
38131199,LavenderBlush,109
72248411,LemonChiffon,176
49379079,RosyBrown,33
89969058,PaleGoldenRod,127
37879533,Lime,16
88461359,PaleTurquoise,135
59469541,Black,14
85566989,Red,161
62366007,FloralWhite,54
90902638,MediumOrchid,38
66881113,MediumPurple,94
62144172,DeepPink,153
72664335,LemonChiffon,32
58937633,MediumSlateBlue,17
50131189,MediumSpringGreen,83
10291646,SkyBlue,31
39504914,LightGray,160
89198782,Green,154
52170756,DarkSalmon,189
11556575,Linen,135
56068710,BlueViolet,111
41000297,Turquoise,147
53915592,PaleGreen,93
79784386,Cyan,92
35709424,PaleGoldenRod,19
30543520,Snow,190
92327318,PaleVioletRed,185
23861115,Maroon,57
86149233,DarkSlateGray,174
73523110,Salmon,154
15162378,LightSalmon,185
81994792,Lavender,152
14446665,LightSalmon,41
32985507,Orchid,149
21787676,Red,174
20366749,Green,131
50703511,AntiqueWhite,50
62838542,DarkTurquoise,38
93742978,MediumAquaMarine,197
72098143,BlueViolet,88
45021042,MediumTurquoise,73
18967067,Maroon,34
56857786,ForestGreen,130
20593703,LightGoldenRodYellow,24
66410106,Chocolate,177
14141675,DarkGoldenRod,8
74988514,Coral,124
83172101,PowderBlue,43
12459167,LemonChiffon,130
70457250,LightGray,29
73929333,LightSkyBlue,158
72470525,Aqua,192
43984284,AntiqueWhite,171
54515868,SandyBrown,154
91151613,Chocolate,33
98829019,MidnightBlue,25
86899470,FloralWhite,44
24065108,GreenYellow,130
54782113,RoyalBlue,163
12458205,CornflowerBlue,59
96836285,FireBrick,101
27156278,SpringGreen,52
25182864,Chartreuse,91
60911238,LightPink,51
54353422,RosyBrown,108
36435624,Olive,166
16937848,Tomato,27
88967553,DeepSkyBlue,82
65124478,Coral,16
51867270,DarkMagenta,79
69427370,BlanchedAlmond,130
38821555,DarkOrange,161
69163907,IndianRed,25
15331072,DarkTurquoise,51
13293657,PaleGreen,83
28709795,Cyan,82
57343312,Lime,127
32500788,Moccasin,46
17283661,SpringGreen,173
99964867,Green,0
16741976,Navy,160
44992334,LightSalmon,175
38171693,DarkOliveGreen,83
15417712,DarkKhaki,104
37263574,GoldenRod,0
20939219,White,199
84674147,MediumBlue,30
37004993,SeaGreen,76
82320607,OldLace,194
65648800,Violet,58
91946387,Pink,121
76726344,SlateBlue,64
38951609,DarkSlateBlue,115
81486888,BlanchedAlmond,107
52270029,DarkOrange,138
43708818,Orange,35
72232340,Linen,102
75449730,LightYellow,89
53156823,DeepSkyBlue,95
51368299,DarkSlateGray,56
65264449,DarkGreen,152
79958618,LightSeaGreen,74
69512347,Snow,157
84794814,IndianRed,38
84633091,DarkSalmon,12
36754298,MediumPurple,182
75868564,PowderBlue,33
41334619,Coral,114
71341722,MistyRose,171
32242663,PeachPuff,190
79213327,OldLace,171
45760620,DarkViolet,110
89539182,SlateGray,177
54839751,SpringGreen,6
39350555,Tomato,161
31270368,DarkOrchid,34
63382369,LightSlateGray,87
43269029,LightCyan,187
39625171,SpringGreen,42
10770144,Aqua,38
79227494,SlateGray,33
65225598,Wheat,32
54101011,Tomato,17
42313019,GhostWhite,156
88114486,Cornsilk,167
20080705,Gray,14
39885155,Lavender,11
43943072,Yellow,198
40730724,DarkRed,124
88785555,Gainsboro,39
44419855,Turquoise,127
28893820,LightSalmon,129
20407087,Black,115
75842005,LightCoral,193
94329690,Silver,173
85731270,AntiqueWhite,138
42289752,SeaShell,83
77531295,Blue,183
15371857,CadetBlue,30
80241507,MediumSlateBlue,118
40630620,Magenta,113
95719007,DeepSkyBlue,193
11141898,AliceBlue,199
32209188,SkyBlue,132
85184463,SteelBlue,146
45641681,LightCoral,49
88483600,Yellow,90
50338841,Sienna,40
76562608,MediumSpringGreen,40
84077340,Fuchsia,184
69573721,LightSeaGreen,28
71284141,MediumPurple,136
96388694,Teal,97
42395569,BlueViolet,68
69240383,PaleGreen,50
27733869,DarkMagenta,82
27533358,DimGray,123
18467528,Cornsilk,180
43739015,LightSalmon,106
26160596,Black,92
87299634,LightCoral,170
21018431,Lime,94
30113164,YellowGreen,69
64823662,SpringGreen,140
42277571,OldLace,125
84928839,LightPink,139
66807685,Orange,110
43397589,Purple,24
47837965,SlateGray,131
65335680,ForestGreen,110
89644572,Chocolate,157
21770819,PeachPuff,180
67636627,PaleGoldenRod,61
24806594,LightSlateGray,41
90611712,Cornsilk,36
54701291,Gray,112
74843709,Red,95
92967971,IndianRed,113
98702669,MediumTurquoise,138
18789989,Gainsboro,137
28562826,BlueViolet,189
71443918,Crimson,184
81244410,OrangeRed,2
80410868,GreenYellow,110
13831036,DarkSalmon,123
59187501,Aqua,28
78548146,LightPink,31
60814611,MediumSeaGreen,81
82196689,Brown,34
76632567,DeepSkyBlue,62
66871163,Aquamarine,189
61248147,DarkMagenta,59
49925631,LightBlue,20
47712076,MintCream,75
77066564,MediumSpringGreen,53
70708045,Indigo,103
98417964,SeaGreen,164
51907921,MediumVioletRed,63
82139671,LightCyan,33
15679528,Chartreuse,156
11458205,MediumPurple,149
34346019,PowderBlue,0
83372168,Coral,81
36000279,PeachPuff,157
76304617,MintCream,160
73280867,Gray,89
81923096,OldLace,138
51755336,Purple,37
85854326,Linen,190
48982197,LightGreen,166
65601483,Teal,195
74298571,DodgerBlue,189
29543443,MediumPurple,5
85189667,Black,190
53509115,LightSkyBlue,151
38546385,GreenYellow,87
12782041,LightPink,8
66185829,DarkRed,55
47678351,HotPink,194
67511898,SeaGreen,141
27891707,BlanchedAlmond,87
66471896,DarkViolet,198
41666430,DarkOliveGreen,184
62434894,MediumTurquoise,7
26110468,DodgerBlue,81
29798859,Bisque,55
69090226,Gainsboro,6
44578219,LightSalmon,96
29734843,SteelBlue,28
77998994,Thistle,55
91437624,SaddleBrown,15
80820706,OldLace,115
44570542,GoldenRod,186
52859396,Lavender,99
33694849,LightCoral,16
50238493,Tan,133
25279441,White,156
31588140,Azure,119
55929237,CadetBlue,33
38049557,Sienna,187
77915089,Violet,15
77955827,MediumAquaMarine,108
71502424,SteelBlue,149
13984355,Aquamarine,143
13370355,DarkSlateBlue,72
37824622,OldLace,7
57763027,RosyBrown,78
36714055,Brown,24
56857856,Teal,64
67473090,Turquoise,71
72814404,Khaki,34
29107748,DimGray,90
16887089,SeaGreen,154
30203817,Ivory,80
84889811,Yellow,178
60402789,MediumVioletRed,53
33883551,DarkBlue,131
51857515,Bisque,68
61128553,MidnightBlue,116
58515327,MintCream,150
30853397,LightSkyBlue,105
38857292,LightCyan,108
55115358,Gainsboro,104
76647350,AliceBlue,179
91409687,Pink,55
90462024,GoldenRod,199
11677425,SteelBlue,126
37192795,PeachPuff,3
75191622,GreenYellow,77
62575284,LightGray,61
10024274,Green,55
19659105,DarkSalmon,90
54832386,BlanchedAlmond,41
90000040,PowderBlue,111
57041094,Coral,192
69711404,DeepSkyBlue,29
67920955,BlueViolet,12
42347141,Teal,41
91705875,DarkKhaki,159
83912768,Black,36
43000638,LightSeaGreen,8
33339935,NavajoWhite,84
96711773,Plum,61
84740428,MediumOrchid,60
55227175,Yellow,155
17273669,PaleVioletRed,86
21822345,Chartreuse,123
59833605,DarkOliveGreen,174
30278724,DarkOrchid,112
36189004,Chocolate,101
62248167,Violet,113
52468447,LightSalmon,86
67738897,Coral,48
47338500,FloralWhite,112
15921766,LightCyan,85
57172069,MediumSeaGreen,169
42116998,Wheat,110
59078710,MediumSlateBlue,75
11450492,BlueViolet,133
34819176,PaleGoldenRod,41
57231562,MintCream,163
39761459,Cornsilk,16
46797212,SteelBlue,103
40987279,LightSeaGreen,129
18926661,FireBrick,25
85054062,Gainsboro,117
99630287,MediumSeaGreen,25
78275553,RosyBrown,32
83156583,PapayaWhip,112
62255429,Coral,169
15114215,Olive,90
91133090,HotPink,161
72589473,PaleTurquoise,134
57779555,DarkGreen,63
35706704,WhiteSmoke,102
48456923,PaleVioletRed,63
53437833,Khaki,24
86459211,Chocolate,78
68887369,Navy,48
47454048,GoldenRod,68
61044893,DarkSalmon,188
11919459,LightGoldenRodYellow,190
97249806,Wheat,87
56087904,PaleTurquoise,26
56318553,LightSkyBlue,95
98652008,Azure,86
40430555,IndianRed,70
59082835,DarkRed,179
21884539,LavenderBlush,36
41944529,Blue,153
68555165,DarkMagenta,160
20847460,DarkGreen,40
47010483,BlanchedAlmond,31
14587445,LavenderBlush,121
87564768,HoneyDew,127
97589509,LightYellow,13
23317498,PapayaWhip,125
21885263,MediumBlue,75
98877918,FloralWhite,66
66179309,Plum,51
95988785,Aqua,70
35019277,MistyRose,95
78490112,PeachPuff,114
21322530,DarkKhaki,5
33657869,White,100
34585113,DarkTurquoise,73
27878445,BlueViolet,123
65603969,DarkSlateGray,101
59006060,Lime,149
96215061,DarkGreen,197
19406518,Black,147
93646331,PaleVioletRed,197
59497039,IndianRed,83
92559269,Brown,148
24648464,Maroon,69
89362869,ForestGreen,165
45835857,PowderBlue,78
70244917,Linen,3
86513540,Olive,80
16325119,LightSlateGray,96
26012465,LimeGreen,50
17321964,Crimson,154
37435114,PeachPuff,6
97843277,Indigo,37
12767517,SeaGreen,98
63628179,Plum,28
41535814,SandyBrown,189
96394319,DarkTurquoise,194
53836879,MediumPurple,83
33368644,Coral,15
22026137,Black,39
62125793,Silver,97
43941221,DarkGray,162
13678387,Gainsboro,48
52404952,PaleGoldenRod,8
71063411,Snow,179
13975684,DarkGoldenRod,20
52972600,Black,160
93418258,GreenYellow,57
13255352,Wheat,198
50892702,Tomato,183
71423976,MediumPurple,60
55438017,Salmon,179
85258595,DodgerBlue,15
28119881,Azure,197
28828091,OldLace,49
34173991,BurlyWood,6
13756865,DarkOrchid,92
88563084,LemonChiffon,34
31365383,Magenta,14
65216785,Gold,129
41486369,Tomato,39
90630681,OrangeRed,70
11856402,LightSeaGreen,73
69144302,Snow,156
41004721,BlanchedAlmond,142
88417303,DarkGray,175
69966581,Turquoise,149
36125269,BlueViolet,113
86102393,Pink,12
57320355,SaddleBrown,70
37299851,FireBrick,5
47795178,Beige,154
77223195,DarkGoldenRod,33
43992956,PaleGoldenRod,106
99565555,HotPink,141
94094493,PaleTurquoise,114
67411901,LightSeaGreen,194
72602696,Lavender,154
24096576,Indigo,27
72657943,SeaGreen,88
35936653,IndianRed,158
68920962,SandyBrown,179
15668562,LightGreen,54
47791416,Coral,5
12105600,Orchid,151
74080502,OrangeRed,47
79440613,FloralWhite,69
83414419,MintCream,84
18266281,SkyBlue,10
23527413,BlanchedAlmond,119
55482520,SandyBrown,35
37941001,MediumSeaGreen,126
92858947,RosyBrown,133
69795979,Brown,79
41256912,GhostWhite,191
23050625,MediumAquaMarine,19
51924561,DimGray,145
48320148,MintCream,120
76220986,Peru,168
60856151,Moccasin,35
56788462,BurlyWood,104
23736660,Violet,191
26981298,AntiqueWhite,137
98061130,Chocolate,179
20120960,ForestGreen,132
65340368,PaleGreen,108
31008869,WhiteSmoke,23
55153430,DarkOrchid,190
35146766,Olive,47
35721099,Salmon,133
32892267,Crimson,121
98377682,HotPink,118
27987503,SkyBlue,131
80089960,LawnGreen,35
83905531,Gray,134
68525831,DarkGreen,20
28488341,Moccasin,71
86626540,Orange,168
29994578,DarkTurquoise,161
44089333,DarkRed,15
49515173,MediumPurple,50
17137798,DarkOrchid,46
86832187,MediumSlateBlue,153
84239366,Chocolate,35
61687822,LimeGreen,53
74406623,Gray,170
16787128,OliveDrab,17
64823013,LightCoral,84
26689234,Azure,187
99818409,Aqua,50
78700959,AntiqueWhite,29
56576005,Orange,24
21752393,PowderBlue,166
37124824,DarkSlateGray,45
87728277,GoldenRod,110
74389445,FireBrick,139
45377449,WhiteSmoke,180
98898093,PaleVioletRed,141
31234465,DarkSeaGreen,154
76528279,OliveDrab,138
37019614,SaddleBrown,60
41650931,SeaGreen,42
96498649,Peru,1
28068671,Beige,144
34344913,SandyBrown,133
98338379,Magenta,125
88647159,PaleTurquoise,104
77321890,Gray,147
24436458,Orchid,105
95284162,SpringGreen,31
56890902,Violet,60
18560512,Orange,1
50098195,Chocolate,48
74313001,ForestGreen,1
42558219,Plum,93
81905944,Snow,123
53372214,Purple,180
87947583,Silver,77
39893890,LightPink,66
19859036,Lavender,0
55672375,DarkTurquoise,30
58746481,Linen,104
45558665,Brown,69
60244615,BlueViolet,80
36869436,Bisque,77
17424367,SlateBlue,151
98505340,MediumAquaMarine,9
39459463,Black,104
99452702,SteelBlue,50
62859835,GoldenRod,123
15115149,Plum,129
22561190,MediumOrchid,128
25828092,GreenYellow,1
15604173,RoyalBlue,34
57284544,DarkOrchid,180
58362941,SandyBrown,110
15566213,Bisque,113
67671215,MidnightBlue,161
45792132,PowderBlue,35
40670753,PapayaWhip,59
71043018,Gray,124
11774368,Fuchsia,88
33244269,DarkGreen,10
96528756,PaleVioletRed,10
14195993,CadetBlue,55
66965219,OrangeRed,14
99781239,Tan,191
11568952,Moccasin,146
29074125,OldLace,29
38289997,SandyBrown,2
96132701,Blue,64
68809952,GoldenRod,100
48394191,FloralWhite,121
12123934,Ivory,102
69111600,Brown,82
54675863,Chocolate,146
72864474,Cyan,74
24532719,LawnGreen,2
82874500,DarkSlateGray,156
22586386,LightBlue,153
90275796,LightSlateGray,66
93861958,Cornsilk,61
71677769,Orchid,95
72137255,FloralWhite,13
20989104,OldLace,6
48656820,MediumTurquoise,163
55958834,Gainsboro,162
97958479,LightGreen,34
87368195,MediumAquaMarine,143
75156773,Teal,63
52117151,LightBlue,9
96506803,Purple,170
80832991,YellowGreen,35
43465376,LightSteelBlue,53
40543128,Chocolate,123
70339462,ForestGreen,76
98330405,Lime,96
52221269,LightSalmon,108
41376626,GoldenRod,113
92299361,Moccasin,15
12536999,LightGreen,155
66735723,Blue,162
83051943,LemonChiffon,112
13848888,Magenta,92
83851541,DarkSlateGray,133
69080015,OrangeRed,148
24941661,DeepPink,53
76625689,MediumSpringGreen,163
50968133,Lavender,111
97925915,Peru,4
95905295,DarkSalmon,89
96685347,Blue,198
25879869,Brown,180
47221604,Sienna,199
13737839,SlateBlue,33
13295192,MintCream,41
22791044,DarkGreen,85
80624578,DarkCyan,35
87866467,LightSeaGreen,7
46067491,MediumSeaGreen,83
17780108,RosyBrown,90
89923956,Brown,36
69944047,Khaki,46
13191075,BlueViolet,47
45375429,DarkMagenta,61
65197160,DimGray,102
33507006,LawnGreen,136
13922956,FloralWhite,111
62656736,Tan,37
82186463,Azure,23
88964359,MediumTurquoise,32
57395776,DarkViolet,43
76663909,Violet,148
22016321,Tomato,94
62295234,Magenta,69
80785111,PapayaWhip,26
66869000,SkyBlue,88
43599910,AntiqueWhite,130
42370571,Yellow,46
17140749,DarkTurquoise,118
91075677,HoneyDew,64
34429860,Blue,175
55135323,Teal,197
99771630,MediumPurple,7
58974240,DarkOrchid,3
54293947,LightGoldenRodYellow,68
82291376,PaleGoldenRod,76
83506138,Pink,67
60701038,Brown,157
97881592,MintCream,18
72310126,LightGray,73
17265468,DarkCyan,12
40427937,MediumTurquoise,153
67851635,Chartreuse,50
42889500,LightPink,10
27801305,WhiteSmoke,101
51733788,LimeGreen,95
37960251,Crimson,199
85175143,Fuchsia,176
74050146,Thistle,21
44862673,Peru,102
32129284,DarkOrange,120
42846531,Tan,14
82905790,White,37
31846611,Linen,84
63627890,DarkSeaGreen,111
25580777,LightSteelBlue,43
39894714,MidnightBlue,105
66577939,SlateBlue,131
42164141,MediumOrchid,108
36150180,DarkSlateBlue,182
66248783,Orange,102
91749048,DeepPink,43
47495698,Orchid,62
27190376,LightCoral,18
66030616,Brown,170
89364876,BlueViolet,181
36762106,Gainsboro,129
55350636,SeaGreen,120
34126290,Green,80
28496140,Purple,137
73735300,White,14
86771065,LightSteelBlue,20
65572751,Cyan,18
83914882,Cornsilk,149
22574208,OliveDrab,72
44898670,Ivory,82
53253771,Aqua,105
95063766,SandyBrown,67
89658044,ForestGreen,79
57329315,Wheat,99
16392740,RosyBrown,165
41376905,Gold,174
96297401,PapayaWhip,16
94369641,Aquamarine,37
86140198,Indigo,180
60980842,MintCream,152
47526410,Yellow,36
62447453,MediumSeaGreen,194
19143719,LightGoldenRodYellow,58
47672538,Cyan,139
18441677,Gold,30
53238608,Thistle,155
73993046,Moccasin,103
75440713,DarkOrange,74
17093044,DarkBlue,74
23416014,MediumSeaGreen,50
45202159,DarkGoldenRod,78
84062336,DarkMagenta,28
72224349,DarkOrchid,114
36433396,LightGoldenRodYellow,179
34985461,Navy,73
25630823,MintCream,129
49640175,Purple,6
75930064,DarkSeaGreen,186
54952979,LightGreen,135
79601879,SlateGray,113
36597297,DarkGray,197
72610620,Turquoise,171
55196072,MediumSlateBlue,77
62457061,Salmon,93
66774974,PaleGoldenRod,43
30872917,DarkMagenta,149
93958104,GreenYellow,56
55918989,LightGray,40
40579899,LightCyan,123
70308085,Green,34
51825640,IndianRed,95
21220810,YellowGreen,136
62873990,AntiqueWhite,182
12870729,DarkViolet,131
33270644,LemonChiffon,177
16567473,Olive,92
58055152,DarkGray,53
33217519,GhostWhite,92
15651802,HoneyDew,152
62793777,DarkSeaGreen,78
26070465,Linen,51
18879214,DimGray,82
81856943,LightSalmon,65
41288314,HotPink,19
23805011,LightPink,98
15554196,AntiqueWhite,74
97316258,SandyBrown,57
72070693,LavenderBlush,2
48877867,Wheat,89
50577037,Coral,63
37086468,DarkMagenta,126
41625450,SeaGreen,2
30011239,Tan,102
33012227,MediumTurquoise,97
86162810,OliveDrab,183
76875411,Aquamarine,112
55153082,SkyBlue,153
25189310,Moccasin,93
15230455,LightGray,53
33214125,WhiteSmoke,81
37450175,SandyBrown,178
82342723,Orange,190
65250752,Blue,11
95605718,Turquoise,40
69958189,Chocolate,57
73488931,Orchid,150
65554105,Plum,53
58765772,RoyalBlue,187
43448814,Ivory,49
82273655,SpringGreen,76
78315049,DeepPink,167
29914379,Pink,168
50247415,MediumSlateBlue,31
21577652,Navy,63
22231481,Coral,40
63727866,MistyRose,97
67041695,Magenta,26
35157373,Aquamarine,4
65417466,MintCream,119
14193483,BlanchedAlmond,154
23309108,SandyBrown,70
39749410,LavenderBlush,15
40683412,Blue,132
79028985,Khaki,124
16499762,Bisque,122
50354552,DarkOliveGreen,22
45664275,Red,67
99975545,DarkCyan,198
44585592,PaleVioletRed,199
65105084,YellowGreen,126
81675613,BlanchedAlmond,10
17835895,SlateGray,188
64453897,Teal,10
94189828,Crimson,156
73171350,Indigo,39
81363597,Gray,169
72392714,DimGray,36
71237661,NavajoWhite,53
13333090,SeaGreen,100
90580155,PaleVioletRed,55
51649257,HoneyDew,142
50284307,Violet,82
57303360,PeachPuff,93
19405247,WhiteSmoke,179
31181028,DarkTurquoise,52
38824577,DarkGoldenRod,166
34936006,Teal,131
26132521,DodgerBlue,125
23905821,SpringGreen,174
89607144,DarkBlue,198
39555164,DodgerBlue,161
74213191,Chocolate,191
32606792,Cyan,119
34042964,PapayaWhip,81
66700854,Moccasin,83
61726926,Lavender,143
38069295,NavajoWhite,30
55011080,Beige,179
77868692,DarkViolet,134
27691784,LavenderBlush,113
16043582,Salmon,181
86638917,DodgerBlue,17
11056385,Chocolate,47
94705815,LimeGreen,65
68035798,BurlyWood,8
56886187,SandyBrown,24
55019481,MidnightBlue,75
81186239,DeepSkyBlue,96
70410529,Sienna,87
23141862,LimeGreen,150
61813309,GoldenRod,122
13487913,WhiteSmoke,192
68540423,GreenYellow,0
67212610,CadetBlue,198
95137912,Violet,180
30161013,Sienna,123
97426582,Crimson,110
48493753,Fuchsia,87
74868883,DarkSalmon,49
74139762,Aqua,183
89515839,SandyBrown,145
67477619,LavenderBlush,90
11285631,Tomato,162
94844796,DarkGoldenRod,35
55994790,Coral,151
89200938,LawnGreen,60
18987942,SkyBlue,156
14567729,LightSalmon,9
80113909,SlateBlue,42
32976213,DarkSalmon,134
43587220,CadetBlue,90
37574880,LightPink,42
39056844,Orange,13
56781121,Olive,157
92973158,LightSalmon,45
53890186,SaddleBrown,193
16976390,MistyRose,64
65775127,Orchid,153
79763027,DarkGreen,130
16478024,DarkOrange,152
26239848,DarkTurquoise,42
31646812,MediumSeaGreen,128
53249211,Linen,116
14964820,DeepSkyBlue,109
14897300,RosyBrown,135
70145687,DarkRed,125
63075206,Blue,99
36585570,AliceBlue,115
29994532,PaleGoldenRod,0
17073995,MediumAquaMarine,21
24786096,Black,116
23151960,RoyalBlue,46
65291759,Aqua,160
73648242,LightPink,163
15610168,Khaki,127
42179775,Bisque,125
65615384,MidnightBlue,173
11713027,Tomato,139
78867883,DarkGoldenRod,12
80516778,LimeGreen,19
54820178,Indigo,6
85192532,Gray,136
12443453,LightSkyBlue,162
50917468,LightCyan,165
46896336,LavenderBlush,103
40643655,MediumSlateBlue,155
40005709,LightGoldenRodYellow,113
10407308,SteelBlue,183
38919620,Gray,172
60134531,LightSalmon,22
80507775,CornflowerBlue,63
75422946,GreenYellow,134
78908313,LightGray,118
20173875,DarkCyan,57
79555898,Wheat,46
15902119,MintCream,99
74383184,SteelBlue,39
96206133,MediumOrchid,117
47024823,CadetBlue,188
18082175,Crimson,100
16067623,SaddleBrown,62
71587411,SkyBlue,110
29366570,LawnGreen,14
83246226,Moccasin,50
15773313,Fuchsia,77
89281127,Silver,187
84728956,Peru,3
40329739,LightPink,176
99140874,Wheat,167
56900260,BlueViolet,190
50649837,Salmon,148
23779336,LightBlue,165
47044336,LightSlateGray,78
44849589,LimeGreen,32
34252313,Orchid,107
19327504,FloralWhite,25
28134165,Pink,125
13462307,Olive,147
45184071,DarkSlateGray,24
13255240,PeachPuff,73
77252894,LightGray,131
88140521,DarkTurquoise,32
45133079,RosyBrown,125
98588604,MediumTurquoise,31
28152303,Linen,106
37671251,LightBlue,57
85215791,Lime,108
84759964,YellowGreen,83
39285799,Tan,72
92793156,BurlyWood,96
81056894,Purple,38
57679636,Violet,183
50364141,LightSalmon,156
45290591,DarkGray,0
79665558,Orchid,84
10002122,LightYellow,34
40218124,DeepSkyBlue,40
53216491,CornflowerBlue,53
77962521,GreenYellow,124
85956676,LightSkyBlue,8
48421721,BlanchedAlmond,88
79912652,DarkOrange,119
41379146,Linen,83
40682091,RosyBrown,102
14463782,DarkGoldenRod,123
32120455,SlateBlue,130
97610609,LawnGreen,148
47430629,SeaGreen,178
41670524,Peru,137
55410218,RoyalBlue,13
88197822,AntiqueWhite,106
39739962,DarkViolet,55
87387965,SlateGray,122
45688404,Beige,100
54385479,MediumTurquoise,44
67922880,Olive,16
51746155,Salmon,102
44088001,OliveDrab,130
50957394,DarkCyan,168
33482300,OldLace,152
20350119,SeaGreen,34
97036060,LightPink,166
52743308,Sienna,188
19140197,PaleGoldenRod,88
20666072,DarkMagenta,194
66303891,MediumSpringGreen,188
96649054,MediumVioletRed,198
34986470,GreenYellow,101
33907731,Tan,170
46101555,FloralWhite,15
44285782,FireBrick,72
54977233,BurlyWood,194
48511905,Chartreuse,62
31583568,PowderBlue,135
24077761,PapayaWhip,159
32926969,DeepSkyBlue,53
41931043,Sienna,44
24907894,DarkMagenta,50
82522876,PaleTurquoise,181
25819158,DarkRed,105
46215730,DarkSeaGreen,123
34966425,Gold,173
71230300,HotPink,64
83713017,DarkKhaki,39
54623669,SandyBrown,102
99755410,Wheat,134
56791534,Coral,108
90387373,OrangeRed,150
24077965,Lime,183
64977052,PaleGoldenRod,65
48719649,LightSeaGreen,153
71467990,Red,99
72124796,GreenYellow,78
96524280,IndianRed,117
55407197,DarkTurquoise,143
36975216,CadetBlue,47
98638089,DeepPink,91
42064538,Coral,193
17683812,DeepSkyBlue,30
86098659,SaddleBrown,150
55654045,GreenYellow,114
77949933,LightGray,98
70949501,LightSeaGreen,9
77125542,OldLace,21
38026149,SeaShell,185
63806846,DarkBlue,109
60474347,PowderBlue,148
50789359,MediumPurple,117
65210087,Violet,114
13541540,PaleGreen,31
54363388,LemonChiffon,55
87541140,Peru,127
95520095,MediumVioletRed,67
61170164,MediumOrchid,97
42590482,DarkViolet,45
68877232,LightGreen,134
18160113,Gold,186
99149617,PeachPuff,161
67744896,LightSlateGray,22
31566443,BlanchedAlmond,199
57875436,RoyalBlue,88
25303116,Brown,159
62464368,Chartreuse,16
27321336,Sienna,178
26123966,LightGoldenRodYellow,70
61718280,DarkOrchid,5
51956936,Orchid,87
95463416,Azure,146
39855528,Magenta,192
99533597,Turquoise,62
14386390,OrangeRed,19
92128109,GoldenRod,69
21459102,HoneyDew,187
46684086,BurlyWood,40
79113608,CadetBlue,145
61431234,MediumPurple,130
38326275,DarkOliveGreen,188
72723902,Khaki,61
83524043,LightGoldenRodYellow,191
80757690,SlateGray,89
42402302,Gold,163
11721511,MediumBlue,135
21942730,LightPink,133
72576629,Wheat,124
74239601,DeepSkyBlue,164
74411264,BlueViolet,147
23962735,MistyRose,155
51222900,Bisque,180
19421329,PapayaWhip,126
38158753,Teal,32
66631396,Aquamarine,147
58254245,GhostWhite,104
34787171,LimeGreen,74
90349300,DarkMagenta,17
16060119,Lime,29
60534701,Moccasin,128
69125038,MediumSpringGreen,11
61909711,GoldenRod,46
14757979,Peru,81
45732292,DarkOrange,99
73530141,WhiteSmoke,116
73938872,DarkViolet,179
84006915,HoneyDew,164
47647956,CadetBlue,122
94981288,PapayaWhip,162
91399787,Chocolate,92
86027107,LightCoral,141
43753254,SkyBlue,44
45996771,Green,167
86327490,BlanchedAlmond,153
48330603,Orange,81
65891160,Coral,75
99058203,MistyRose,132
26071162,DarkSlateBlue,197
94276534,LightSeaGreen,120
80174161,LightSkyBlue,109
98459977,Ivory,169
67597943,Lavender,80
25969975,MediumSeaGreen,196
49306683,Brown,149
33618101,Navy,183
23877594,PaleGreen,142
90761045,DarkGoldenRod,44
65420797,PeachPuff,7
37293942,DarkSlateBlue,53
19212490,DarkBlue,76
22821834,MediumSeaGreen,52
16037338,BlueViolet,16
25431454,LightSalmon,54
42658157,PaleVioletRed,90
40055074,Chartreuse,127
99838608,Khaki,51
57093146,Pink,180
39039092,PeachPuff,128
78665853,MintCream,131
87573078,SkyBlue,57
92116745,NavajoWhite,173
21425220,Fuchsia,24
18826999,BlanchedAlmond,166
24517071,Snow,180
56936427,DarkBlue,197
68587872,DarkSeaGreen,188
33142020,LavenderBlush,27
96142288,Brown,126
23523689,Teal,166
53177848,BlueViolet,137
95153563,Sienna,145
13667968,PaleGoldenRod,45
30162223,DimGray,192
71298699,Pink,36
51193252,Red,79
52618483,IndianRed,97
11986759,WhiteSmoke,70
10299606,MediumTurquoise,122
72751171,Navy,196
99440472,DarkRed,26
13138327,Blue,0
15188893,DarkGray,55
97212349,Salmon,180
19116578,DarkKhaki,140
80139655,Black,17
74141782,DarkBlue,89
91594222,Magenta,195
50323922,MediumPurple,97
62812268,Chartreuse,104
62830099,LightSteelBlue,12
78567475,Turquoise,65
86840119,SlateBlue,100
90077340,PeachPuff,105
80160178,MintCream,108
29711960,NavajoWhite,150
34516314,Lavender,34
62705385,Orange,71
30549138,DarkSeaGreen,165
61452127,LightYellow,125
79152131,Blue,121
70137195,MediumSlateBlue,56
46700075,DarkRed,147
34690766,PapayaWhip,8
25157124,DarkSlateGray,92
48195758,BlueViolet,114
72404159,DimGray,169
87548406,Sienna,122
68919727,Wheat,91
99771931,Thistle,111
73554395,Peru,192
45912579,PaleVioletRed,188
47716949,Linen,174
12398869,BurlyWood,128
82769083,Beige,155
58342129,PaleGreen,132
48963827,SkyBlue,155
77560320,DarkKhaki,117
26227480,GoldenRod,13
13565857,Ivory,15
27180901,PaleVioletRed,44
10341652,MediumSeaGreen,42
29851041,DarkSeaGreen,57
35813284,Violet,71
47040602,LightSlateGray,123
74310843,DarkKhaki,153
62428600,GreenYellow,156
18258227,DarkViolet,2
82591483,ForestGreen,48
47633107,DarkGoldenRod,155
45322840,RosyBrown,134
94638067,Gold,143
95684484,Coral,42
66429733,MintCream,121
17087265,SkyBlue,47
67015435,Lavender,47
71697191,Silver,124
22518722,White,104
82640165,Linen,151
74876926,RosyBrown,170
16055191,DarkRed,160
67262509,Pink,26
13315608,Black,151
78138081,DarkOrange,43
29190607,Orange,169
72096081,HoneyDew,108
10191570,Teal,12
11149135,LimeGreen,54
37405423,Orchid,129
10834216,Yellow,126
82595491,CadetBlue,102
32264901,LightGoldenRodYellow,148
71456508,Bisque,16
94017690,Navy,42
50332673,MidnightBlue,64
40263939,Magenta,5
53865941,DarkSlateGray,46
45583595,Coral,19
46440928,PeachPuff,95
61331338,Moccasin,193
12114043,LightGray,153
54230724,SkyBlue,24
79775288,Silver,101
30508517,WhiteSmoke,181
13269041,LightPink,90
35095058,Snow,183
40155788,Peru,182
27050399,BurlyWood,118
28643397,DarkViolet,100
20082752,Navy,163
87252495,PapayaWhip,83
87821774,MistyRose,197
70859591,LimeGreen,31
65154682,LightSlateGray,77
35747258,Fuchsia,112
50366166,Orange,182
61906439,MediumOrchid,8
41842561,DarkViolet,136
35201229,HoneyDew,121
34444148,PaleVioletRed,34
46412437,Linen,20
60052696,DarkGray,58
68925293,Turquoise,32
99675620,MidnightBlue,41
63794979,Black,20
26477392,LightCoral,98
20470955,GreenYellow,146
21657905,OldLace,53
13920132,White,58
57436516,LightPink,67
